"REGION","SITE","LAT","LONG","POTTERY","SOURCE"
"A","Abang Minko'o",2.33,11.42,"Malongo/Bissiang","Gouem Gouem 2010/11: 389 Fig 40.6"
"A","Akom",2.4,12.42,"Akonetye North","de Saulieu et al. 2015"
"A","Akom",2.4,12.42,"Akonetye South","de Saulieu et al. 2015"
"A","Akonetye",2.48,11.17,"Akonetye North","Meister/Eggert 2008"
"A","Akonetye",2.48,11.17,"Akonetye South","Meister/Eggert 2008"
"A","Akonetye",2.48,11.17,"Bidjouka","Gouem Gouem 2010/11: 389 Fig 40.6"
"A","Avoh",4.27,11.24,"Obobogo","Clist 2004/2005"
"A","Bidjouka",3.14,10.5,"Bidjouka","Gouem Gouem 2010/11: 389 Fig 40.6"
"A","Bidou",3.03,10.08,"Bidjouka","Gouem Gouem 2010/11: 389 Fig 40.6"
"A","Bissiang",3,10.02,"Malongo/Bissiang","Gouem Gouem 2010/11: 389 Fig 40.6"
"A","Bonda",2.19,16.08,"Mbenja","Seidensticker in press: 158 Fig. 79"
"A","Bonga",1.93,15.67,"Mbenja","Seidensticker in press: 158 Fig. 79"
"A","Bonga",1.93,15.67,"Pandama","Seidensticker in press: 154 Fig. 76"
"A","Bwambé-Sommet (Est)",2.89,9.9,"Bwambé/Mpoengu","Gouem Gouem 2010/11: 389 Fig 40.6"
"A","Bwambé-Sommet (Est)",2.89,9.9,"Malongo/Bissiang","Gouem Gouem 2010/11: 389 Fig 40.6"
"A","Campo",2.38,9.83,"Campo","Eggert/Seidensticker 2016"
"A","Campo",2.38,9.83,"Malongo/Bissiang","Gouem Gouem 2010/11: 389 Fig 40.6"
"A","Dibamba",4,9.82,"Dibamba A","de Saulieu et al. 2017"
"A","Dibamba",4,9.82,"Dibamba B","de Saulieu et al. 2017"
"A","Dibamba",4,9.82,"Dibamba C","de Saulieu et al. 2017"
"A","Dibamba",4,9.82,"Dibamba D","de Saulieu et al. 2017: 34 Tab. 2"
"A","Dibamba",4,9.82,"Dibamba E","de Saulieu et al. 2017"
"A","Dombè",2.96,9.95,"Malongo/Bissiang","Gouem Gouem 2010/11: 389 Fig 40.6"
"A","Efoulan 1",2.39,12.46,"Akonetye South","de Saulieu et al. 2015"
"A","Gbagbale",2.08,16.08,"Pandama","Seidensticker in press: 154 Fig. 76"
"A","Kribi",2.93,9.91,"Akonetye South","Meister/Eggert 2008"
"A","Kribi-Mpoengu",2.93,9.91,"Bidjouka","Gouem Gouem 2010/11: 389 Fig 40.6"
"A","Kribi-Mpoengu",2.93,9.91,"Bwambé/Mpoengu","Gouem Gouem 2010/11: 389 Fig 40.6"
"A","Kribi-Mpolongwe",2.93,9.91,"Bwambé/Mpoengu","Gouem Gouem 2010/11: 389 Fig 40.6"
"A","Kribi-Mpolongwe",2.93,9.91,"Malongo/Bissiang","Gouem Gouem 2010/11: 389 Fig 40.6"
"A","Kribi-Talla",2.93,9.91,"Bidjouka","Gouem Gouem 2010/11: 389 Fig 40.6"
"A","Kribi-Talla",2.93,9.91,"Bwambé/Mpoengu","Gouem Gouem 2010/11: 389 Fig 40.6"
"A","Lolabé",2.69,9.85,"Dibamba D","de Saulieu et al. 2017: 34 Tab. 2"
"A","Malongo 1",2.73,9.87,"Malongo/Bissiang","Gouem Gouem 2010/11: 389 Fig 40.6"
"A","Mbenja",1.85,15.83,"Konda","Seidensticker in press: 148 Fig. 72"
"A","Mbenja",1.85,15.83,"Mbenja","Seidensticker in press: 158 Fig. 79"
"A","Mbenja",1.85,15.83,"Pandama","Seidensticker in press: 154 Fig. 76"
"A","Mfomakap/Nkometou",4.05,11.55,"Obobogo","Leka 2013"
"A","Minyin",2.38,11.33,"Akonetye North","Meister/Eggert 2008"
"A","Mouanko-Lobethal",3.64,9.78,"Bidjouka","Gouem Gouem 2010/11: 389 Fig 40.6"
"A","Mouanko-Lobethal",3.64,9.78,"Campo","Eggert/Seidensticker 2016"
"A","Ndindan",3.91,11.5,"Obobogo","Leka 2013"
"A","Nkang",4.27,11.32,"Obobogo","Leka 2013"
"A","Obobogo",3.82,11.5,"Obobogo","Leka 2013"
"A","Okolo",3.93,11.52,"Obobogo","Leka 2013"
"A","Otto Mbong",2.4,12.51,"Akonetye South","de Saulieu et al. 2015"
"B","Angondje",0.51,9.42,"Angondjé","Clist 2004/5: 692 Fig. 7-122"
"B","Angondje",0.51,9.42,"Oveng","Clist 2004/5: 615 Fig. 7-58"
"B","Awoungou",0.4,9.45,"Angondjé","Clist 2004/5: 692 Fig. 7-122"
"B","Awoungou",0.4,9.45,"Nandá/Group II","Clist 2004/05: 629 Fig. 7-69"
"B","Awoungou",0.4,9.45,"Oveng","Clist 2004/5: 615 Fig. 7-58"
"B","Ayeme 1",0.2,9.74,"Oveng","Clist 2004/5: 615 Fig. 7-58"
"B","Ayene",1.08,9.77,"Angondjé","Clist 1998: 215 Tab. 1"
"B","Azobe 1",-0.2,11.62,"Lope","Assoko Ndong 2001: 474 Tab. 64"
"B","Benguie 7",0.29,11.38,"Okala/Epona/Yindo","Clist 2004/5"
"B","Bikélé, Cocobeach",0.94,9.56,"Angondjé","Clist 2004/5: 692 Fig. 7-122"
"B","Cap Esterias",0.58,9.34,"Okala/Epona/Yindo","Clist 2004/5: 490 Fig. 6-217"
"B","Corisco",0.92,9.32,"Angondjé","Sanchez Elipe et al. 2016"
"B","Corisco",0.92,9.32,"Nandá/Group II","Sánchez-Elipe et al. 2016"
"B","Corisco",0.92,9.32,"Oveng","Sánchez-Elipe et al. 2016"
"B","Ebel Alembe 1",0.13,11.11,"Okala/Epona/Yindo","Clist 2004/5"
"B","Ebel Alembe 1",0.13,11.11,"Otoumbi","Clist 2004/5"
"B","Ebel Alembe 2",0.13,11.12,"Okala/Epona/Yindo","Clist 2004/5"
"B","Elarmekora 3",-0.09,11.17,"Otoumbi","Clist 2004/5: 624 Fig. 7-65"
"B","Epona 1",-0.09,11.14,"Okala/Epona/Yindo","Clist 2004/5: 490 Fig. 6-217"
"B","Epona 2",-0.1,11.15,"Okala/Epona/Yindo","Clist 2004/5: 490 Fig. 6-217"
"B","Epona 2",-0.1,11.15,"Otoumbi","Clist 2004/5: 624 Fig. 7-65"
"B","Evinayong",0.6,9.65,"Oveng","Clist 2004/5: 615 Fig. 7-58"
"B","Franceville",-1.61,13.55,"Okala/Epona/Yindo","Clist 2004/5: 490 Fig. 6-217"
"B","Ikengue 1",-1.5,9.5,"Okala/Epona/Yindo","Clist 2004/5: 490 Fig. 6-217"
"B","Issemeyo 4",0.3,11.39,"Otoumbi","Clist 2004/5"
"B","Issemeyo 7",0.3,11.4,"Okala/Epona/Yindo","Clist 2004/5"
"B","Kafele 2",0.2,10.04,"Oveng","Clist 2004/5: 615 Fig. 7-58"
"B","Kango 2",0.16,10.12,"Oveng","Clist 2004/5: 615 Fig. 7-58"
"B","Kango 5",0.2,10.08,"Okala/Epona/Yindo","Clist 2004/5: 490 Fig. 6-217"
"B","Kango 5",0.2,10.08,"Oveng","Clist 2004/5: 615 Fig. 7-58"
"B","Lalala",0.37,9.48,"Okala/Epona/Yindo","Clist 2004/5: 490 Fig. 6-217"
"B","Lalara 1",0.35,11.44,"Otoumbi","Clist 2004/5"
"B","Lindili 1",-0.16,11.5,"Okanda","Clist 2004/5: 619 Fig. 7-62"
"B","Lope 10",-0.18,11.6,"Lope","Assoko Ndong 2001: 474 Tab. 64"
"B","Lope 12",-0.21,11.59,"Okala/Epona/Yindo","Clist 2004/5: 490 Fig. 6-217"
"B","Lope 15",-0.21,11.59,"Lope","Assoko Ndong 2001: 474 Tab. 64"
"B","Lope 2",-0.22,11.59,"Okala/Epona/Yindo","Clist 2004/5: 490 Fig. 6-217"
"B","Lope 5",-0.16,11.61,"Lope","Assoko Ndong 2001: 474 Tab. 64"
"B","Lowé",0.3,9.51,"Angondjé","Clist 2004/5: 692 Fig. 7-122"
"B","Lowé",0.3,9.51,"Nandá/Group II","Clist 2004/05: 629 Fig. 7-69"
"B","Lycée Technique Omar Bongo",0.32,9.51,"Angondjé","Clist 2004/5: 692 Fig. 7-122"
"B","Maboue 1",-0.14,11.53,"Okanda","Clist 2004/5: 619 Fig. 7-62"
"B","Malekou",0.45,9.48,"Nandá/Group II","Clist 2004/05: 629 Fig. 7-69"
"B","Mbilape 4",-0.88,9.15,"Okala/Epona/Yindo","Clist 2004/5: 490 Fig. 6-217"
"B","Ndjolé CS",-0.18,10.82,"Okala/Epona/Yindo","Clist 2004/5: 490 Fig. 6-217"
"B","Ndjole Pk 5",-0.13,10.72,"Okala/Epona/Yindo","Clist 2004/5: 490 Fig. 6-217"
"B","Nkol Ogoum 2",0.45,9.5,"Angondjé","Clist 2004/5: 692 Fig. 7-122"
"B","Ofoubou 16",-1.67,9.91,"Okala/Epona/Yindo","Clist 2004/5: 490 Fig. 6-217"
"B","Ofoubou 5",-1.66,9.92,"Okala/Epona/Yindo","Clist 2004/5: 490 Fig. 6-217"
"B","Okala 1",0.49,9.41,"Angondjé","Clist 2004/5: 692 Fig. 7-122"
"B","Okala 1",0.49,9.41,"Okala/Epona/Yindo","Clist 2004/5: 490 Fig. 6-217"
"B","Okanda 1/Mont Brazza",-0.13,11.59,"Okala/Epona/Yindo","Clist 2004/5: 490 Fig. 6-217"
"B","Okanda 1/Mont Brazza",-0.13,11.59,"Okanda","Clist 2004/5: 619 Fig. 7-62"
"B","Okanda 2",-0.12,11.57,"Okanda","Clist 2004/5: 619 Fig. 7-62"
"B","Okanda 4",-0.11,11.51,"Okanda","Clist 2004/5: 619 Fig. 7-62"
"B","Okanda 5",-0.11,11.55,"Okala/Epona/Yindo","Clist 2004/5: 490 Fig. 6-217"
"B","Okanda 5",-0.11,11.55,"Okanda","Clist 2004/5: 619 Fig. 7-62"
"B","Okanda 6",-0.12,11.57,"Okala/Epona/Yindo","Clist 2004/5: 490 Fig. 6-217"
"B","Otoumbi 10",-0.07,11.12,"Lope","Assoko Ndong 2001: 474 Tab. 64"
"B","Otoumbi 13",-0.08,11.1,"Okala/Epona/Yindo","Clist 2004/5: 490 Fig. 6-217"
"B","Otoumbi 13",-0.08,11.1,"Otoumbi","Clist 2004/5: 624 Fig. 7-65"
"B","Otoumbi 15",-0.08,11.12,"Otoumbi","Clist 2004/5: 624 Fig. 7-65"
"B","Otoumbi 16",-0.08,11.12,"Otoumbi","Clist 2004/5: 624 Fig. 7-65"
"B","Otoumbi 3",-0.07,11.12,"Lope","Assoko Ndong 2001: 474 Tab. 64"
"B","Otoumbi 4",-0.07,11.12,"Okanda","Clist 2004/5: 619 Fig. 7-62"
"B","Otoumbi 5",-0.06,11.12,"Okanda","Clist 2004/5: 619 Fig. 7-62"
"B","Otoumbi 5",-0.06,11.12,"Otoumbi","Clist 2004/5: 624 Fig. 7-65"
"B","Otoumbi 8",-0.05,11.12,"Okanda","Clist 2004/5: 619 Fig. 7-62"
"B","Otoumbi 8",-0.05,11.12,"Otoumbi","Clist 2004/5: 624 Fig. 7-65"
"B","Oveng 1",0.48,9.52,"Oveng","Clist 2004/5: 615 Fig. 7-58"
"B","Remboue 1",-0.18,9.94,"Oveng","Clist 2004/5: 615 Fig. 7-58"
"B","Remboue 11",-0.18,9.95,"Nandá/Group II","Clist 2004/05: 629 Fig. 7-69"
"B","Remboue 15",-0.19,9.95,"Angondjé","Clist 2004/5: 692 Fig. 7-122"
"B","Remboue 3",-0.2,9.96,"Oveng","Clist 2004/5: 615 Fig. 7-58"
"B","Rivière Ogolo 1",0.31,9.34,"Angondjé","Clist 2004/5: 692 Fig. 7-122"
"B","Sablière",0.5,9.38,"Nandá/Group II","Clist 2004/05: 629 Fig. 7-69"
"B","Toube 1",-0.04,11.59,"Okala/Epona/Yindo","Clist 2004/5: 490 Fig. 6-217"
"B","Viafé 3",0.2,11.38,"Otoumbi","Clist 2004/5"
"B","Viafée 5",0.33,11.41,"Okala/Epona/Yindo","Clist 2004/5"
"C","ARCH 19",-4.38,11.61,"Carinated Broadly Grooved","Wait/Thiaw 2018: 19 Tab. 1; 79 App. 2"
"C","ARCH 22",-4.39,11.62,"Carinated Broadly Grooved","Wait/Thiaw 2018: 19 Tab. 1; 79 App. 2"
"C","ARCH 24",-4.38,11.62,"Ceramic Later Stone Age 1","Wait/Thiaw 2018: 19 Tab. 1; 80 App. 2"
"C","ARCH 24",-4.38,11.62,"Ceramic Later Stone Age 2","Wait/Thiaw 2018: 19 Tab. 1; 80 App. 2"
"C","ARCH 24",-4.38,11.62,"Spaced Curvilinear","Wait/Thiaw 2018: 19 Tab. 1; 80 App. 2"
"C","ARCH 27",-4.36,11.63,"Ceramic Later Stone Age 1","Wait/Thiaw 2018: 19 Tab. 1; 80 App. 2"
"C","ARCH 28",-4.36,11.62,"Ceramic Later Stone Age 1","Wait/Thiaw 2018: 19 Tab. 1; 80 App. 2"
"C","ARCH 28",-4.36,11.62,"Ceramic Later Stone Age 2","Wait/Thiaw 2018: 19 Tab. 1; 80 App. 2"
"C","ARCH 29",-4.34,11.66,"Carinated Broadly Grooved","Wait/Thiaw 2018: 19 Tab. 1; 80 App. 2"
"C","ARCH 31",-4.36,11.59,"Ceramic Later Stone Age 1","Wait/Thiaw 2018: 19 Tab. 1; 80 App. 2"
"C","ARCH 31",-4.36,11.59,"Herringbone","Wait/Thiaw 2018: 19 Tab. 1; 80 App. 2"
"C","ARCH 32 (BP113)",-4.36,11.59,"Herringbone","Wait/Thiaw 2018: 19 Tab. 1; 80 App. 2"
"C","ARCH 33",-4.36,11.59,"Herringbone","Wait/Thiaw 2018: 19 Tab. 1; 80 App. 2"
"C","ARCH 33 (Lamba)",-4.36,11.59,"Ceramic Later Stone Age 1","Wait/Thiaw 2018: 19 Tab. 1; 80 App. 2"
"C","ARCH 33 (Lamba)",-4.36,11.59,"Ceramic Later Stone Age 2","Wait/Thiaw 2018: 19 Tab. 1; 80 App. 2"
"C","ARCH 34 (Lac Ndembo)",-4.35,11.65,"Spaced Curvilinear","Wait/Thiaw 2018: 19 Tab. 1"
"C","Bangu",-5.54,14.45,"Ngovo","Clist et al. 2018: 48"
"C","Boukoyi",-4.45,13.59,"Boko-Songho","Nikis 2018: 205 Fig. 5.39"
"C","Bouzanga",-4.44,13.6,"Boko-Songho","Nikis 2018: 205 Fig. 5.39"
"C","BP 113",-4.36,11.59,"Carinated Broadly Grooved","Denbow 2014: 57 Tab. 4.1; Clist et al. 2018: 46 Fig. 6.2"
"C","BP 113",-4.36,11.59,"Herringbone","Denbow 2014; Clist et al. 2018: 46 Fig. 6.2"
"C","Bu 3",-5.45,13.78,"Kay Ladio","Clist et al. 2018: 46 Fig. 6.2"
"C","Conda",-4.5,11.94,"Woven I","Cranshof et al. 2018: 188"
"C","Dimba",-5.28,14.87,"Dimba/Mbafu/Group II","Clist 2012: 196 Fig. 10; Cranshof et al. 2018: 179 Fig. 7.4"
"C","Dimba",-5.28,14.87,"Kongo B/Group V","Clist et al. 2018"
"C","Dimba",-5.28,14.87,"Ngovo","Clist et al. 2018: 48"
"C","Gombe-Point",-4.3,15.28,"Dimba/Mbafu/Group II","Clist 2012: 196 Fig. 10; Cranshof et al. 2018: 181"
"C","Gombe-Point",-4.3,15.28,"Gombe","Clist et al. 2018: 46 Fig. 6.2"
"C","Gombe-Point",-4.3,15.28,"Group X","van Noten 1982"
"C","GPS 205",-4.43,13.61,"Boko-Songho","Nikis 2018: 205 Fig. 5.39"
"C","Gray Sands",-4.39,11.66,"Carinated Broadly Grooved","Denbow 2014; Clist et al. 2018: 46 Fig. 6.2"
"C","Gray Sands",-4.39,11.66,"Herringbone","Denbow 2014; Clist et al. 2018: 46 Fig. 6.2"
"C","Île des Mimosas",-4.33,15.23,"Gombe","Clist et al. 2018: 46 Fig. 6.2"
"C","ISO 21",-4.35,11.63,"Carinated Broadly Grooved","Wait/Thiaw 2018: 19 Tab. 1"
"C","Kamuna",-4.33,15.33,"Kongo C/Group III","Clist et al. 2018"
"C","Kamuna",-4.33,15.33,"Mbafu/Group II","Clist 2012: 196 Fig. 10"
"C","Kay Ladio",-5.13,14.01,"Kay Ladio","Clist et al. 2018: 46 Fig. 6.2"
"C","Kay Ladio",-5.13,14.01,"Ngovo","Clist et al. 2018"
"C","Kayes",-4.42,11.7,"Carinated Broadly Grooved","Denbow 2014; Clist et al. 2018: 46 Fig. 6.2"
"C","Kayes",-4.42,11.7,"Herringbone","Denbow 2014; Clist et al. 2018: 46 Fig. 6.2"
"C","Kazu 1",-5.5,13.74,"Kay Ladio","Clist et al. 2018: 46 Fig. 6.2"
"C","Kazu 2",-5.5,13.74,"Kitala","Clist et al. 2018"
"C","Kazu 4",-5.52,13.73,"Kitala","Clist et al. 2018"
"C","KCS-6",-5.16,14.02,"Kay Ladio","Clist et al. 2018b"
"C","KCS-7",-5.15,14.01,"Kay Ladio","Clist et al. 2018b"
"C","KCS-8",-5.17,14.02,"Kay Ladio","Clist et al. 2018b"
"C","Kele",-5.26,14.71,"Mbafu/Group II","Clist 2012: 196 Fig. 10"
"C","Kibula",-5.18,14.06,"Kay Ladio","Clist et al. 2018: 46 Fig. 6.2"
"C","Kibula",-5.18,14.06,"Ngovo","Clist et al. 2018"
"C","Kindangakanzi",-4.43,13.63,"Kindangakanzi","Nikis 2018: 188 Fig. 5.28"
"C","Kindoki",-5.07,15.01,"Kindoki","Clist et al. 2018"
"C","Kindoki",-5.07,15.01,"Kongo A/Group IV","Clist et al. 2018"
"C","Kindoki",-5.07,15.01,"Kongo B/Group V","Clist et al. 2018"
"C","Kindoki",-5.07,15.01,"Kongo C/Group III","Clist et al. 2018"
"C","Kindoki",-5.07,15.01,"Kongo D","Cranshof et al. 2018: 185"
"C","Kindoki",-5.07,15.01,"Mbafu/Group II","Clist et al. 2018"
"C","Kindu",-4.95,13.61,"Kay Ladio","Clist et al. 2018b"
"C","Kingoyi",-4.3,14.33,"Moubiri","Nikis 2018: 187 Fig. 5.27"
"C","Kinshasa-Kingabwa/Ngombela",-4.33,15.34,"Dimba/Mbafu/Group II","Clist 2012: 196 Fig. 10; Cranshof et al. 2018: 181"
"C","Kinshasa-Kingabwa/Ngombela",-4.33,15.34,"Group X","van Noten 1982"
"C","Kitala",-5.55,14.87,"Kitala","Clist et al. 2018"
"C","Kitchounga",-4.3,14.32,"Mindouli","Nikis 2018: 198 Fig. 5.35"
"C","Kitchounga",-4.3,14.32,"Moubiri","Nikis 2018: 187 Fig. 5.27"
"C","Kongo dia Vanga",-5.77,13.7,"Kay Ladio","Clist et al. 2018: 46 Fig. 6.2"
"C","Kongo dia Vanga",-5.77,13.7,"Ngovo","Clist et al. 2018: 48"
"C","Kwimba",-5.64,14.88,"Ngovo","Clist et al. 2018"
"C","Lac Ndembo",-4.35,11.65,"Carinated Broadly Grooved","Denbow 2014; Clist et al. 2018: 46 Fig. 6.2"
"C","Lac Ndembo",-4.35,11.65,"Herringbone","Denbow 2014; Clist et al. 2018: 46 Fig. 6.2"
"C","Lac Ndembo",-4.35,11.65,"Spaced Curvilinear","Denbow 2014; Clist et al. 2018"
"C","Lamba",-4.37,11.61,"Ceramic Later Stone Age 1","Denbow 2014"
"C","Lamba",-4.37,11.61,"Ceramic Later Stone Age 2","Denbow 2014"
"C","Loubanzi",-4.5,11.87,"Woven I","Cranshof et al. 2018: 188"
"C","Loubanzi",-4.5,11.87,"Woven II","Cranshof et al. 2018: 188"
"C","Lovo",-5.73,14.46,"Dimba/Mbafu/Group II","Clist 2012: 196 Fig. 10; Cranshof et al. 2018: 181"
"C","Lovo",-5.73,14.46,"Ngovo","Clist et al. 2018"
"C","Madingo-Kayes",-4.43,11.7,"Carinated Broadly Grooved","Denbow 2014; Clist et al. 2018: 46 Fig. 6.2"
"C","Madingo-Kayes",-4.43,11.7,"Herringbone","Denbow 2014; Clist et al. 2018: 46 Fig. 6.2"
"C","Madingo-Kayes",-4.43,11.7,"Spaced Curvilinear","Denbow 2014; Clist et al. 2018"
"C","Makongo",-5.19,15.55,"Mbafu/Group II","Clist 2012: 196 Fig. 10"
"C","Makuti 1",-4.29,14.33,"Misenga/Mbafu/Group II","Cranshof et al. 2018: 183 Fig. 7.5"
"C","Makuti 3",-4.29,14.33,"Misenga/Mbafu/Group II","Cranshof et al. 2018: 183 Fig. 7.5"
"C","Maluende",-4.37,13.82,"Kindangakanzi","Nikis 2018: 188 Fig. 5.28"
"C","Mamfulu",-4.3,14.33,"Mindouli","Nikis 2018: 198 Fig. 5.35"
"C","Mamfulu b",-4.3,14.33,"Mindouli","Nikis 2018: 198 Fig. 5.35"
"C","Mamfulu c",-4.29,14.33,"Moubiri","Nikis 2018: 187 Fig. 5.27"
"C","Mantsetsi",-4.95,13.63,"Kay Ladio","Clist et al. 2018b"
"C","Mbafu",-5.43,14.26,"Dimba/Mbafu/Group II","Clist 2012: 196 Fig. 10; Cranshof et al. 2018: 179 Fig. 7.4"
"C","Mbanza 2",-5.73,13.73,"Kay Ladio","Clist et al. 2018b"
"C","Mbanza 2",-5.73,13.73,"Ngovo","Clist et al. 2018b"
"C","Mbanza Mbata",-5.85,15.13,"Mbafu/Group II","Clist 2012: 196 Fig. 10"
"C","Mbanza Ngungu",-5.25,14.86,"Mbafu/Group II","Clist 2012: 196 Fig. 10"
"C","Meningue",-4.27,11.77,"Carinated Broadly Grooved","Denbow 2014; Clist et al. 2018: 46 Fig. 6.2"
"C","Meningue",-4.27,11.77,"Herringbone","Denbow 2014; Clist et al. 2018: 46 Fig. 6.2"
"C","Mindoundou",-4.31,14.31,"Mindouli","Nikis 2018: 198 Fig. 5.35"
"C","Misenga",-4.37,14.31,"Misenga/Mbafu/Group II","Clist 2012: 196 Fig. 10; Cranshof et al. 2018: 183 Fig. 7.5"
"C","Mongo",-5.62,14.6,"Kay Ladio","Clist et al. 2018: 46 Fig. 6.2"
"C","Mongo",-5.62,14.6,"Kitala","Clist et al. 2018"
"C","Mongo",-5.62,14.6,"Ngovo","Clist et al. 2018"
"C","Mouadabambi",-4.43,13.62,"Boko-Songho","Nikis 2018: 205 Fig. 5.39"
"C","Mpula",-4.3,14.34,"Moubiri","Nikis 2018: 187 Fig. 5.27"
"C","Mvindou",-4.47,11.95,"Ceramic Later Stone Age 2","Denbow 2014"
"C","Nduizi",-5.74,13.75,"Kay Ladio","Clist et al. 2018b"
"C","NDZ-1",-5.73,13.75,"Ngovo","Clist et al. 2018b"
"C","NDZ-10",-5.74,13.73,"Kay Ladio","Clist et al. 2018b"
"C","NDZ-14",-5.77,13.74,"Kay Ladio","Clist et al. 2018b"
"C","NDZ-15",-5.76,13.74,"Kay Ladio","Clist et al. 2018b"
"C","NDZ-2",-5.73,13.75,"Ngovo","Clist et al. 2018b"
"C","NDZ-3",-5.73,13.75,"Ngovo","Clist et al. 2018b"
"C","NDZ-7",-5.74,13.75,"Kay Ladio","Clist et al. 2018b"
"C","Ngongo Mbata",-5.78,15.12,"Kongo A/Group IV","Clist et al. 2018"
"C","Ngongo Mbata",-5.78,15.12,"Kongo B/Group V","Clist et al. 2018"
"C","Ngongo Mbata",-5.78,15.12,"Kongo C/Group III","Clist et al. 2018"
"C","Ngongo Mbata",-5.78,15.12,"Kongo D","Cranshof et al. 2018: 185"
"C","Ngongo Mbata",-5.78,15.12,"Mbafu/Group II","Clist et al. 2018"
"C","Ngovo",-5.31,14.92,"Mbafu/Group II","Clist 2012: 196 Fig. 10"
"C","Ngovo",-5.31,14.92,"Ngovo","Clist et al. 2018: 48"
"C","Nkabi",-4.25,14.4,"Misenga/Mbafu/Group II","Cranshof et al. 2018: 184"
"C","Nkila-Ntari",-4.13,13.85,"Misenga/Mbafu/Group II","Lanfranchi 1985"
"C","Nkumba",-5.55,14.87,"Mbafu/Group II","Clist et al. 2018"
"C","Ntadi Ntadi",-5.75,14.58,"Ngovo","Clist et al. 2018: 48"
"C","Ntadi Yomba",-4.25,13.77,"Mbafu/Group II","Clist 2012: 196 Fig. 10"
"C","Ntadi Yomba",-4.25,13.77,"Mindouli","Nikis 2018: 198 Fig. 5.35"
"C","Ntadiou-Moubouka",-4.37,13.82,"Kindangakanzi","Nikis 2018: 188 Fig. 5.28"
"C","Ntominsié",-4.29,14.33,"Moubiri","Nikis 2018: 187 Fig. 5.27"
"C","Ntomissengué",-4.3,14.33,"Moubiri","Nikis 2018: 187 Fig. 5.27"
"C","Ntompula",-4.3,14.33,"Moubiri","Nikis 2018: 187 Fig. 5.27"
"C","Sakuzi",-5.17,14.01,"Kay Ladio","Clist et al. 2018b"
"C","Sakuzi",-5.17,14.01,"Mbafu/Group II","Clist 2012: 196 Fig. 10"
"C","Sakuzi",-5.17,14.01,"Ngovo","Clist et al. 2018: 48"
"C","Sumbi",-4.99,13.26,"Kay Ladio","Clist et al. 2018: 46 Fig. 6.2"
"C","Sumbi",-4.99,13.26,"Mbafu/Group II","Clist 2012: 196 Fig. 10"
"C","Sumbi",-4.99,13.26,"Ngovo","Clist et al. 2018"
"C","Tandou-Youmbi",-4.42,11.69,"Carinated Broadly Grooved","Denbow 2014; Clist et al. 2018: 46 Fig. 6.2"
"C","Tandou-Youmbi",-4.42,11.69,"Herringbone","Denbow 2014; Clist et al. 2018: 46 Fig. 6.2"
"C","Tchissanga",-4.54,11.8,"Ceramic Later Stone Age 1","Denbow 2014"
"C","Tchissanga",-4.54,11.8,"Ceramic Later Stone Age 2","Denbow 2014"
"C","Travers-Banc",-4.28,14.34,"Mindouli","Nikis 2018: 198 Fig. 5.35"
"C","Youlouganda",-4.44,13.61,"Boko-Songho","Nikis 2018: 205 Fig. 5.39"
"I","Kimalembe",-5.87,15.13,"Mbafu/Group II","Clist et al. 2018"
"F","Balinga-Bokanda",-0.31,21.13,"Bokone","Wotzka 1995: 576-7 Map 18"
"F","Balinga-Bokanda",-0.31,21.13,"Bolombi","Wotzka 1995: 578-9 Map 19"
"F","Balinga-Bokanda",-0.31,21.13,"Bolondo","Wotzka 1995: 570-1 Map 15"
"F","Balinga-Bokanda",-0.31,21.13,"Bondongo","Wotzka 1995: 562-3 Map 11"
"F","Balinga-Bokanda",-0.31,21.13,"Bosanga","Wotzka 1995: 568-9 Map 14"
"F","Balinga-Bokanda",-0.31,21.13,"Ilemba-Bokonda","Wotzka 1995: 580-1 Map 20"
"F","Balinga-Bokanda",-0.31,21.13,"Wema","Wotzka 1995: 564-5 Map 12"
"F","Balinga-Wema",-0.53,21.79,"Bokone","Wotzka 1995: 576-7 Map 18"
"F","Balinga-Wema",-0.53,21.79,"Bondongo","Wotzka 1995: 562-3 Map 11"
"F","Balinga-Wema",-0.53,21.79,"Ilemba-Bokonda","Wotzka 1995: 580-1 Map 20"
"F","Balinga-Wema",-0.53,21.79,"Wema","Wotzka 1995: 564-5 Map 12"
"F","Balolombo",-0.27,19.63,"Besongo","Wotzka 1995: 564-5 Map 12"
"F","Balolombo",-0.27,19.63,"Bondongo","Wotzka 1995: 562-3 Map 11"
"F","Balolombo",-0.27,19.63,"Botendo","Wotzka 1995: 572-3 Map 16"
"F","Balolombo",-0.27,19.63,"Nkile","Wotzka 1995: 566-7 Map 13"
"F","Balombi",-0.54,22.01,"Bokone","Wotzka 1995: 576-7 Map 18"
"F","Balombi",-0.54,22.01,"Bolombi","Wotzka 1995: 578-9 Map 19"
"F","Balombi",-0.54,22.01,"Ikenge","Wotzka 1995: 580-1 Map 20"
"F","Balombi",-0.54,22.01,"Ilemba-Bokonda","Wotzka 1995: 580-1 Map 20"
"F","Bamanya",0.01,18.31,"Bondongo","Wotzka 1995: 562-3 Map 11"
"F","Bamanya",0.01,18.31,"Bonkake","Wotzka 1995: 546-7 Map 3"
"F","Bamanya",0.01,18.31,"Botendo","Wotzka 1995: 572-3 Map 16"
"F","Bamanya",0.01,18.31,"Ikenge","Wotzka 1995: 580-1 Map 20"
"F","Bamanya",0.01,18.31,"Imbonga","Wotzka 1995: 544-5 Map 2"
"F","Bamanya",0.01,18.31,"Inganda","Wotzka 1995: 547-9 Map 4"
"F","Bamanya",0.01,18.31,"Lokondola","Wotzka 1995: 550-1 Map 5"
"F","Bamanya",0.01,18.31,"Nkile","Wotzka 1995: 566-7 Map 13"
"F","Bamanya",0.01,18.31,"Yete","Wotzka 1995: 552-3 Map 6"
"F","Bampete",-1.29,20.37,"Bekongo","Wotzka 1995: 562-3 Map 11"
"F","Bampete",-1.29,20.37,"Bokuma","Wotzka 1995: 556-7 Map 8"
"F","Bampete",-1.29,20.37,"Wafanya","Wotzka 1995: 564-5 Map 12"
"F","Bampoko",-0.15,18.8,"Bondongo","Wotzka 1995: 562-3 Map 11"
"F","Bampoko",-0.15,18.8,"Botendo","Wotzka 1995: 572-3 Map 16"
"F","Bampoko",-0.15,18.8,"Imbonga","Wotzka 1995: 544-5 Map 2"
"F","Bampoko",-0.15,18.8,"Lingonda","Wotzka 1995: 554-5 Map 7"
"F","Bampoko",-0.15,18.8,"Longa","Wotzka 1995: 558-9 Map 9"
"F","Bampoko",-0.15,18.8,"Nkile","Wotzka 1995: 566-7 Map 13"
"F","Baringa",0.73,20.74,"Bokone","Wotzka 1995: 576-7 Map 18"
"F","Baringa",0.73,20.74,"Bondongo","Wotzka 1995: 562-3 Map 11"
"F","Baringa",0.73,20.74,"Likuku","Wotzka 1995: 576-7 Map 18"
"F","Baringa",0.73,20.74,"Lokonge","Wotzka 1995: 578-9 Map 19"
"F","Baringa",0.73,20.74,"Longa","Wotzka 1995: 558-9 Map 9"
"F","Baringa",0.73,20.74,"Nkomba","Wotzka 1995: 578-9 Map 19"
"F","Baringa",0.73,20.74,"Yopoko","Wotzka 1995: 580-1 Map 20"
"F","Basankusu",1.23,19.8,"Botendo","Wotzka 1995: 572-3 Map 16"
"F","Basankusu",1.23,19.8,"Imbonga","Wotzka 1995: 544-5 Map 2"
"F","Basankusu",1.23,19.8,"Inganda","Wotzka 1995: 547-9 Map 4"
"F","Basankusu",1.23,19.8,"Likuku","Wotzka 1995: 576-7 Map 18"
"F","Baulu",0.55,20.93,"Bondongo","Wotzka 1995: 562-3 Map 11"
"F","Baulu",0.55,20.93,"Botendo","Wotzka 1995: 572-3 Map 16"
"F","Baulu",0.55,20.93,"Likuku","Wotzka 1995: 576-7 Map 18"
"F","Baulu",0.55,20.93,"Lokonge","Wotzka 1995: 578-9 Map 19"
"F","Befili",-0.98,19.4,"Botendo","Wotzka 1995: 572-3 Map 16"
"F","Befili",-0.98,19.4,"Imbonga","Wotzka 1995: 544-5 Map 2"
"F","Befili",-0.98,19.4,"Lingonda","Wotzka 1995: 554-5 Map 7"
"F","Befori",0.17,22.4,"Bondongo","Wotzka 1995: 562-3 Map 11"
"F","Befori",0.17,22.4,"Yopoko","Wotzka 1995: 580-1 Map 20"
"F","Bekako",0.3,21.17,"Besongo","Wotzka 1995: 564-5 Map 12"
"F","Bekako",0.3,21.17,"Bondongo","Wotzka 1995: 562-3 Map 11"
"F","Bekako",0.3,21.17,"Longa","Wotzka 1995: 558-9 Map 9"
"F","Bekongo",-1.84,20.77,"Bekongo","Wotzka 1995: 562-3 Map 11"
"F","Bekongo",-1.84,20.77,"Botendo","Wotzka 1995: 572-3 Map 16"
"F","Bekongo",-1.84,20.77,"Monkoto","Wotzka 1995: 550-1 Map 5"
"F","Bekongo",-1.84,20.77,"Wafanya","Wotzka 1995: 564-5 Map 12"
"F","Bempumba",-0.43,19.16,"Bokele","Wotzka 1995: 556-7 Map 8"
"F","Bempumba",-0.43,19.16,"Bondongo","Wotzka 1995: 562-3 Map 11"
"F","Bempumba",-0.43,19.16,"Bonkake","Wotzka 1995: 546-7 Map 3"
"F","Bempumba",-0.43,19.16,"Botendo","Wotzka 1995: 572-3 Map 16"
"F","Bempumba",-0.43,19.16,"Imbonga","Wotzka 1995: 544-5 Map 2"
"F","Bempumba",-0.43,19.16,"Inganda","Wotzka 1995: 547-9 Map 4"
"F","Bempumba",-0.43,19.16,"Nkile","Wotzka 1995: 566-7 Map 13"
"F","Benkombo",-0.25,18.89,"Botendo","Wotzka 1995: 572-3 Map 16"
"F","Benkombo",-0.25,18.89,"Imbonga","Wotzka 1995: 544-5 Map 2"
"F","Besau",-1.24,20.37,"Bondongo","Wotzka 1995: 562-3 Map 11"
"F","Besau",-1.24,20.37,"Bonkake","Wotzka 1995: 546-7 Map 3"
"F","Besau",-1.24,20.37,"Botendo","Wotzka 1995: 572-3 Map 16"
"F","Besau",-1.24,20.37,"Imbonga","Wotzka 1995: 544-5 Map 2"
"F","Besau",-1.24,20.37,"Longa","Wotzka 1995: 558-9 Map 9"
"F","Besau",-1.24,20.37,"Lusako","Wotzka 1995: 552-3 Map 6"
"F","Besau",-1.24,20.37,"Wafanya","Wotzka 1995: 564-5 Map 12"
"F","Besau",-1.24,20.37,"Yete","Wotzka 1995: 552-3 Map 6"
"F","Besongo",-0.2,19.98,"Besongo","Wotzka 1995: 564-5 Map 12"
"F","Besongo",-0.2,19.98,"Bokuma","Wotzka 1995: 556-7 Map 8"
"F","Besongo",-0.2,19.98,"Bondongo","Wotzka 1995: 562-3 Map 11"
"F","Besongo",-0.2,19.98,"Bonkake","Wotzka 1995: 546-7 Map 3"
"F","Besongo",-0.2,19.98,"Bosanga","Wotzka 1995: 568-9 Map 14"
"F","Besongo",-0.2,19.98,"Botendo","Wotzka 1995: 572-3 Map 16"
"F","Besongo",-0.2,19.98,"Ikenge","Wotzka 1995: 580-1 Map 20"
"F","Besongo",-0.2,19.98,"Imbonga","Wotzka 1995: 544-5 Map 2"
"F","Besongo",-0.2,19.98,"Inganda","Wotzka 1995: 547-9 Map 4"
"F","Besongo",-0.2,19.98,"Lingonda","Wotzka 1995: 554-5 Map 7"
"F","Besongo",-0.2,19.98,"Longa","Wotzka 1995: 558-9 Map 9"
"F","Besongo",-0.2,19.98,"Monkoto","Wotzka 1995: 550-1 Map 5"
"F","Besongo",-0.2,19.98,"Yete","Wotzka 1995: 552-3 Map 6"
"F","Bikoro",-0.74,18.13,"Inganda","Wotzka 1995: 547-9 Map 4"
"F","Boangi",-1.91,20.88,"Ikenge","Wotzka 1995: 580-1 Map 20"
"F","Boangi",-1.91,20.88,"Longa","Wotzka 1995: 558-9 Map 9"
"F","Bobangi",-0.11,17.72,"Botendo","Seidensticker in press: 177 Fig. 93"
"F","Bobulu",1.44,18.04,"Bobulu","Seidensticker in press: 91 Fig. 5"
"F","Boende",-0.28,20.88,"Bolondo","Wotzka 1995: 570-1 Map 15"
"F","Boende",-0.28,20.88,"Bondongo","Wotzka 1995: 562-3 Map 11"
"F","Boende",-0.28,20.88,"Bosanga","Wotzka 1995: 568-9 Map 14"
"F","Boende",-0.28,20.88,"Lingonda","Wotzka 1995: 554-5 Map 7"
"F","Boende",-0.28,20.88,"Longa","Wotzka 1995: 558-9 Map 9"
"F","Boende",-0.28,20.88,"Lusako","Wotzka 1995: 552-3 Map 6"
"F","Boende",-0.28,20.88,"Monkoto","Wotzka 1995: 550-1 Map 5"
"F","Boende",-0.28,20.88,"Nkile","Wotzka 1995: 566-7 Map 13"
"F","Boende",-0.28,20.88,"Wema","Wotzka 1995: 564-5 Map 12"
"F","Boenjola-Ekendambolo",-1.11,19.96,"Botendo","Wotzka 1995: 572-3 Map 16"
"F","Boenjola-Ekendambolo",-1.11,19.96,"Imbonga","Wotzka 1995: 544-5 Map 2"
"F","Bofomwa",-0.53,19.84,"Botendo","Wotzka 1995: 572-3 Map 16"
"F","Bofomwa",-0.53,19.84,"Imbonga","Wotzka 1995: 544-5 Map 2"
"F","Bofoy Bokangansoso",-0.35,20.78,"Bokone","Wotzka 1995: 576-7 Map 18"
"F","Bofoy Bokangansoso",-0.35,20.78,"Bolondo","Wotzka 1995: 570-1 Map 15"
"F","Bofoy Bokangansoso",-0.35,20.78,"Bondongo","Wotzka 1995: 562-3 Map 11"
"F","Bofoy Bokangansoso",-0.35,20.78,"Bosanga","Wotzka 1995: 568-9 Map 14"
"F","Bofoy Bokangansoso",-0.35,20.78,"Nkile","Wotzka 1995: 566-7 Map 13"
"F","Bofoy Bokangansoso",-0.35,20.78,"Wema","Wotzka 1995: 564-5 Map 12"
"F","Bokala",-0.56,19.8,"Imbonga","Wotzka 1995: 544-5 Map 2"
"F","Bokao",-0.86,22.88,"Bokone","Wotzka 1995: 576-7 Map 18"
"F","Bokao",-0.86,22.88,"Bolondo","Wotzka 1995: 570-1 Map 15"
"F","Bokao",-0.86,22.88,"Bondongo","Wotzka 1995: 562-3 Map 11"
"F","Bokele",-0.1,18.59,"Bokele","Wotzka 1995: 556-7 Map 8"
"F","Bokele",-0.1,18.59,"Bokuma","Wotzka 1995: 556-7 Map 8"
"F","Bokele",-0.1,18.59,"Bondongo","Wotzka 1995: 562-3 Map 11"
"F","Bokele",-0.1,18.59,"Imbonga","Wotzka 1995: 544-5 Map 2"
"F","Bokele",-0.1,18.59,"Lingonda","Wotzka 1995: 554-5 Map 7"
"F","Bokele",-0.1,18.59,"Lokondola","Wotzka 1995: 550-1 Map 5"
"F","Bokele",-0.1,18.59,"Longa","Wotzka 1995: 558-9 Map 9"
"F","Bokele",-0.1,18.59,"Lusako","Wotzka 1995: 552-3 Map 6"
"F","Bokele",-0.1,18.59,"Mbandaka","Wotzka 1995: 560-1 Map 10"
"F","Bokenda",-0.22,18.85,"Bondongo","Wotzka 1995: 562-3 Map 11"
"F","Bokene-Itela",-0.73,22.53,"Bokone","Wotzka 1995: 576-7 Map 18"
"F","Bokene-Nongo",-0.73,22.56,"Bokone","Wotzka 1995: 576-7 Map 18"
"F","Bokene-Nongo",-0.73,22.56,"Bolondo","Wotzka 1995: 570-1 Map 15"
"F","Bokene-Nongo",-0.73,22.56,"Bondongo","Wotzka 1995: 562-3 Map 11"
"F","Bokene-Nongo",-0.73,22.56,"Ilemba-Bokonda","Wotzka 1995: 580-1 Map 20"
"F","Bokene-Nongo",-0.73,22.56,"Longa","Wotzka 1995: 558-9 Map 9"
"F","Bokenyola",-0.31,18.64,"Botendo","Wotzka 1995: 572-3 Map 16"
"F","Bokolongo",-0.75,19.84,"Lokondola","Wotzka 1995: 550-1 Map 5"
"F","Bokolongo",-0.75,19.84,"Yete","Wotzka 1995: 552-3 Map 6"
"F","Bokote",-0.21,20.21,"Besongo","Wotzka 1995: 564-5 Map 12"
"F","Bokote",-0.21,20.21,"Bondongo","Wotzka 1995: 562-3 Map 11"
"F","Bokote",-0.21,20.21,"Bosanga","Wotzka 1995: 568-9 Map 14"
"F","Bokote",-0.21,20.21,"Botendo","Wotzka 1995: 572-3 Map 16"
"F","Bokote",-0.21,20.21,"Ilemba-Bokonda","Wotzka 1995: 580-1 Map 20"
"F","Bokote",-0.21,20.21,"Inkaka","Wotzka 1995: 574-5 Map 17"
"F","Bokote",-0.21,20.21,"Lingonda","Wotzka 1995: 554-5 Map 7"
"F","Bokote",-0.21,20.21,"Longa","Wotzka 1995: 558-9 Map 9"
"F","Bokote",-0.21,20.21,"Nkile","Wotzka 1995: 566-7 Map 13"
"F","Bokuma",-0.11,18.7,"Bokuma","Wotzka 1995: 556-7 Map 8"
"F","Bokuma",-0.11,18.7,"Bondongo","Wotzka 1995: 562-3 Map 11"
"F","Bokuma",-0.11,18.7,"Botendo","Wotzka 1995: 572-3 Map 16"
"F","Bokuma",-0.11,18.7,"Ikenge","Wotzka 1995: 580-1 Map 20"
"F","Bokuma",-0.11,18.7,"Imbonga","Wotzka 1995: 544-5 Map 2"
"F","Bokuma",-0.11,18.7,"Inganda","Wotzka 1995: 547-9 Map 4"
"F","Bokuma",-0.11,18.7,"Lingonda","Wotzka 1995: 554-5 Map 7"
"F","Bokuma",-0.11,18.7,"Lokondola","Wotzka 1995: 550-1 Map 5"
"F","Bokuma",-0.11,18.7,"Longa","Wotzka 1995: 558-9 Map 9"
"F","Bokuma",-0.11,18.7,"Nkile","Wotzka 1995: 566-7 Map 13"
"F","Bokungu",-0.62,22.31,"Bokone","Wotzka 1995: 576-7 Map 18"
"F","Bokungu",-0.62,22.31,"Bolondo","Wotzka 1995: 570-1 Map 15"
"F","Bokungu Moke",-0.62,22.35,"Bondongo","Wotzka 1995: 562-3 Map 11"
"F","Bokungu Moke",-0.62,22.35,"Longa","Wotzka 1995: 558-9 Map 9"
"F","Bokungu Moke",-0.62,22.35,"Wema","Wotzka 1995: 564-5 Map 12"
"F","Bokwango",0.1,17.78,"Bokwango","Seidensticker in press: 94 Fig. 37"
"F","Bokwango",0.1,17.78,"Botendo","Seidensticker in press: 177 Fig. 93"
"F","Boloka",-0.74,19.58,"Bondongo","Wotzka 1995: 562-3 Map 11"
"F","Bololo",-1.01,19.96,"Bonkake","Wotzka 1995: 546-7 Map 3"
"F","Bolomba",0.35,19.23,"Botendo","Wotzka 1995: 572-3 Map 16"
"F","Bolomba",0.35,19.23,"Ikenge","Wotzka 1995: 580-1 Map 20"
"F","Bolomba",0.35,19.23,"Imbonga","Wotzka 1995: 544-5 Map 2"
"F","Bolomba",0.35,19.23,"Lokondola","Wotzka 1995: 550-1 Map 5"
"F","Bolondo",-0.31,21.25,"Besongo","Wotzka 1995: 564-5 Map 12"
"F","Bolondo",-0.31,21.25,"Bokone","Wotzka 1995: 576-7 Map 18"
"F","Bolondo",-0.31,21.25,"Bolombi","Wotzka 1995: 578-9 Map 19"
"F","Bolondo",-0.31,21.25,"Bolondo","Wotzka 1995: 570-1 Map 15"
"F","Bolondo",-0.31,21.25,"Bondongo","Wotzka 1995: 562-3 Map 11"
"F","Bolondo",-0.31,21.25,"Bosanga","Wotzka 1995: 568-9 Map 14"
"F","Bolondo",-0.31,21.25,"Ilemba-Bokonda","Wotzka 1995: 580-1 Map 20"
"F","Bolondo",-0.31,21.25,"Nkile","Wotzka 1995: 566-7 Map 13"
"F","Bolondo",-0.31,21.25,"Wema","Wotzka 1995: 564-5 Map 12"
"F","Bolongo",0.77,18.51,"Botendo","Wotzka 1995: 572-3 Map 16"
"F","Bolongo",0.77,18.51,"Ikenge","Wotzka 1995: 580-1 Map 20"
"F","Bolongo",0.77,18.51,"Imbonga","Wotzka 1995: 544-5 Map 2"
"F","Bolongo",0.77,18.51,"Inganda","Wotzka 1995: 547-9 Map 4"
"F","Bolongo",0.77,18.51,"Lingonda","Wotzka 1995: 554-5 Map 7"
"F","Bolongo",0.77,18.51,"Lokonge","Wotzka 1995: 578-9 Map 19"
"F","Bolongo",0.77,18.51,"Longa","Wotzka 1995: 558-9 Map 9"
"F","Bolongo",0.77,18.51,"Yete","Wotzka 1995: 552-3 Map 6"
"F","Bolumbu",0.68,17.88,"Botendo","Seidensticker in press: 177 Fig. 93"
"F","Bomate",-1.21,19.76,"Bondongo","Wotzka 1995: 562-3 Map 11"
"F","Bomate",-1.21,19.76,"Botendo","Wotzka 1995: 572-3 Map 16"
"F","Bomate",-1.21,19.76,"Imbonga","Wotzka 1995: 544-5 Map 2"
"F","Bomate",-1.21,19.76,"Wafanya","Wotzka 1995: 564-5 Map 12"
"F","Bombimba",0.43,19.59,"Bokuma","Wotzka 1995: 556-7 Map 8"
"F","Bombimba",0.43,19.59,"Bondongo","Wotzka 1995: 562-3 Map 11"
"F","Bombimba",0.43,19.59,"Imbonga","Wotzka 1995: 544-5 Map 2"
"F","Bombimba",0.43,19.59,"Lingonda","Wotzka 1995: 554-5 Map 7"
"F","Bombimba",0.43,19.59,"Lokondola","Wotzka 1995: 550-1 Map 5"
"F","Bombimba",0.43,19.59,"Yete","Wotzka 1995: 552-3 Map 6"
"F","Bompanga",0.92,20.47,"Lokonge","Wotzka 1995: 578-9 Map 19"
"F","Bompanga-Nganda",0.46,20.97,"Lokonge","Wotzka 1995: 578-9 Map 19"
"F","Bompoma",-0.79,19.4,"Botendo","Wotzka 1995: 572-3 Map 16"
"F","Bompoma",-0.59,19.79,"Botendo","Wotzka 1995: 572-3 Map 16"
"F","Bompoma",-0.59,19.79,"Lingonda","Wotzka 1995: 554-5 Map 7"
"F","Bondo",0.24,18.34,"Bondongo","Wotzka 1995: 562-3 Map 11"
"F","Bondo",0.24,18.34,"Botendo","Wotzka 1995: 572-3 Map 16"
"F","Bondo",0.24,18.34,"Imbonga","Wotzka 1995: 544-5 Map 2"
"F","Bondo",0.24,18.34,"Longa","Wotzka 1995: 558-9 Map 9"
"F","Bondombe-Etat",-0.78,22.75,"Bokone","Wotzka 1995: 576-7 Map 18"
"F","Bondombe-Etat",-0.78,22.75,"Ikenge","Wotzka 1995: 580-1 Map 20"
"F","Bondongo-Losombo",-0.98,18.7,"Bondongo","Wotzka 1995: 562-3 Map 11"
"F","Bongandanga",1.51,21.07,"Bondongo","Wotzka 1995: 562-3 Map 11"
"F","Bonginda I",0.96,18.75,"Bondongo","Wotzka 1995: 562-3 Map 11"
"F","Bonginda I",0.96,18.75,"Botendo","Wotzka 1995: 572-3 Map 16"
"F","Bonginda I",0.96,18.75,"Nkile","Wotzka 1995: 566-7 Map 13"
"F","Bonginji",-0.99,20.28,"Botendo","Wotzka 1995: 572-3 Map 16"
"F","Bonginji",-0.99,20.28,"Longa","Wotzka 1995: 558-9 Map 9"
"F","Bonginji",-0.99,20.28,"Wafanya","Wotzka 1995: 564-5 Map 12"
"F","Bonkake",-0.84,19.85,"Bondongo","Wotzka 1995: 562-3 Map 11"
"F","Bonkake",-0.84,19.85,"Bonkake","Wotzka 1995: 546-7 Map 3"
"F","Bonkake",-0.84,19.85,"Botendo","Wotzka 1995: 572-3 Map 16"
"F","Bonkake",-0.84,19.85,"Ikenge","Wotzka 1995: 580-1 Map 20"
"F","Bonkake",-0.84,19.85,"Imbonga","Wotzka 1995: 544-5 Map 2"
"F","Bonkake",-0.84,19.85,"Lingonda","Wotzka 1995: 554-5 Map 7"
"F","Bonkake",-0.84,19.85,"Lokondola","Wotzka 1995: 550-1 Map 5"
"F","Bonkake",-0.84,19.85,"Longa","Wotzka 1995: 558-9 Map 9"
"F","Bonkake",-0.84,19.85,"Monkoto","Wotzka 1995: 550-1 Map 5"
"F","Bonkake",-0.84,19.85,"Nkile","Wotzka 1995: 566-7 Map 13"
"F","Bonkake",-0.84,19.85,"Yete","Wotzka 1995: 552-3 Map 6"
"F","Bonkelo",1.1,20.08,"Botendo","Wotzka 1995: 572-3 Map 16"
"F","Bonkita",1.27,19.55,"Botendo","Wotzka 1995: 572-3 Map 16"
"F","Bonkita",1.27,19.55,"Imbonga","Wotzka 1995: 544-5 Map 2"
"F","Bosanga",-0.37,20.71,"Bondongo","Wotzka 1995: 562-3 Map 11"
"F","Bosanga",-0.37,20.71,"Bosanga","Wotzka 1995: 568-9 Map 14"
"F","Bosanga",-0.37,20.71,"Inkaka","Wotzka 1995: 574-5 Map 17"
"F","Boso-Njafo",1.13,19.21,"Bondongo","Wotzka 1995: 562-3 Map 11"
"F","Boso-Njafo",1.13,19.21,"Botendo","Wotzka 1995: 572-3 Map 16"
"F","Boso-Njafo",1.13,19.21,"Ikenge","Wotzka 1995: 580-1 Map 20"
"F","Boso-Njafo",1.13,19.21,"Imbonga","Wotzka 1995: 544-5 Map 2"
"F","Boso-Njafo",1.13,19.21,"Longa","Wotzka 1995: 558-9 Map 9"
"F","Boso-Njafo-Mission",1.14,19.26,"Imbonga","Wotzka 1995: 544-5 Map 2"
"F","Boso-Njafo-Mission",1.14,19.26,"Likuku","Wotzka 1995: 576-7 Map 18"
"F","Boso-Njafo-Plantation",1.15,19.19,"Longa","Wotzka 1995: 558-9 Map 9"
"F","Bosulu",1.45,20.65,"Lisala","Wotzka 1995: 580-1 Map 20"
"F","Boteka",-0.4,19.11,"Bondongo","Wotzka 1995: 562-3 Map 11"
"F","Botendo",-0.27,18.91,"Besongo","Wotzka 1995: 564-5 Map 12"
"F","Botendo",-0.27,18.91,"Bondongo","Wotzka 1995: 562-3 Map 11"
"F","Botendo",-0.27,18.91,"Botendo","Wotzka 1995: 572-3 Map 16"
"F","Botendo",-0.27,18.91,"Longa","Wotzka 1995: 558-9 Map 9"
"F","Botendo",-0.27,18.91,"Mbandaka","Wotzka 1995: 560-1 Map 10"
"F","Botendo",-0.27,18.91,"Nkile","Wotzka 1995: 566-7 Map 13"
"F","Botunu",-0.64,17.7,"Botendo","Wotzka 1995: 572-3 Map 16"
"F","Botunu",-0.64,17.7,"Longa","Wotzka 1995: 558-9 Map 9"
"F","Botunu",-0.64,17.7,"Nkile","Wotzka 1995: 566-7 Map 13"
"F","Bousoka-Mangombe",1.87,18.07,"Dama","Seidensticker in press: 104 Fig. 43"
"F","Bousoka-Mangombe",1.87,18.07,"Dongo","Seidensticker in press: 85 Fig. 31"
"F","Boyeka",0.05,18.33,"Botendo","Wotzka 1995: 572-3 Map 16"
"F","Boyela",-0.6,19.45,"Bondongo","Wotzka 1995: 562-3 Map 11"
"F","Boyela",-0.6,19.45,"Botendo","Wotzka 1995: 572-3 Map 16"
"F","Boyela",-0.6,19.45,"Ikenge","Wotzka 1995: 580-1 Map 20"
"F","Boyela",-0.6,19.45,"Imbonga","Wotzka 1995: 544-5 Map 2"
"F","Boyela",1.33,20.34,"Likuku","Wotzka 1995: 576-7 Map 18"
"F","Boyela",-0.6,19.45,"Lingonda","Wotzka 1995: 554-5 Map 7"
"F","Boyela",1.33,20.34,"Lisala","Wotzka 1995: 580-1 Map 20"
"F","Boyela",-0.6,19.45,"Monkoto","Wotzka 1995: 550-1 Map 5"
"F","Boyela",1.33,20.34,"Nkomba","Wotzka 1995: 578-9 Map 19"
"F","Boyela",-0.6,19.45,"Yete","Wotzka 1995: 552-3 Map 6"
"F","Boyenge",0.38,18.88,"Besongo","Wotzka 1995: 564-5 Map 12"
"F","Boyenge",0.38,18.88,"Bondongo","Wotzka 1995: 562-3 Map 11"
"F","Boyenge",0.38,18.88,"Botendo","Wotzka 1995: 572-3 Map 16"
"F","Boyenge",0.38,18.88,"Lingonda","Wotzka 1995: 554-5 Map 7"
"F","Boyenge",0.38,18.88,"Longa","Wotzka 1995: 558-9 Map 9"
"F","Boyenge",0.38,18.88,"Malelembe","Wotzka 1995: 568-9 Map 14"
"F","Boyenge",0.38,18.88,"Mbandaka","Wotzka 1995: 560-1 Map 10"
"F","Boyenge",0.38,18.88,"Nkile","Wotzka 1995: 566-7 Map 13"
"F","Boyoka",1.09,17.9,"Bobulu","Seidensticker in press: 91 Fig. 5"
"F","Boyoka",1.09,17.9,"Bokwango","Seidensticker in press: 94 Fig. 37"
"F","Boyoka",1.09,17.9,"Botendo","Seidensticker in press: 177 Fig. 93"
"F","Bruxelles-Nganda",-0.38,17.72,"Bokwango","Seidensticker in press: 94 Fig. 37"
"F","Busira I",-0.36,20.61,"Nkile","Wotzka 1995: 566-7 Map 13"
"F","Djombo-Etat",1.35,20.38,"Bondongo","Wotzka 1995: 562-3 Map 11"
"F","Eanja Isongo Besombo",-0.62,20.07,"Botendo","Wotzka 1995: 572-3 Map 16"
"F","Eanja-Ilanga",-0.56,20.01,"Botendo","Wotzka 1995: 572-3 Map 16"
"F","Ebeka",1.43,18.03,"Bobulu","Seidensticker in press: 91 Fig. 5"
"F","Ebeka",1.43,18.03,"Matoto","Seidensticker in press: 127 Fig. 58"
"F","Ekoli-Bokungu",-0.27,20.86,"Ilemba-Bokonda","Wotzka 1995: 580-1 Map 20"
"F","Enaja",-0.23,21.24,"Bokone","Wotzka 1995: 576-7 Map 18"
"F","Enaja",-0.23,21.24,"Bolombi","Wotzka 1995: 578-9 Map 19"
"F","Enaja",-0.23,21.24,"Ilemba-Bokonda","Wotzka 1995: 580-1 Map 20"
"F","Enaja",-0.23,21.24,"Lusako","Wotzka 1995: 552-3 Map 6"
"F","Enaja Bonanga Wa Liko",-0.65,20.09,"Bondongo","Wotzka 1995: 562-3 Map 11"
"F","Enaja Bonanga Wa Liko",-0.65,20.09,"Nkile","Wotzka 1995: 566-7 Map 13"
"F","Engengele",2.09,22.67,"Nkomba","Livingstone-Smith et al. 2017"
"F","Esangaonje",-0.44,21.55,"Bokone","Wotzka 1995: 576-7 Map 18"
"F","Esangaonje",-0.44,21.55,"Bolombi","Wotzka 1995: 578-9 Map 19"
"F","Esangaonje",-0.44,21.55,"Bolondo","Wotzka 1995: 570-1 Map 15"
"F","Esangaonje",-0.44,21.55,"Bondongo","Wotzka 1995: 562-3 Map 11"
"F","Esangaonje",-0.44,21.55,"Bosanga","Wotzka 1995: 568-9 Map 14"
"F","Esangaonje",-0.44,21.55,"Ilemba-Bokonda","Wotzka 1995: 580-1 Map 20"
"F","Esangaonje",-0.44,21.55,"Wema","Wotzka 1995: 564-5 Map 12"
"F","Eungu",-0.49,19.98,"Botendo","Wotzka 1995: 572-3 Map 16"
"F","Gombe",-0.7,17.58,"Botendo","Seidensticker in press: 177 Fig. 93"
"F","Gombe",-0.7,17.58,"Epena","Seidensticker in press: 137 Fig. 64"
"F","Gombe",-0.7,17.58,"Imbonga","Seidensticker in press: 168 Fig. 87"
"F","Gombe",-0.7,17.58,"Mbandaka","Seidensticker in press: 174 Fig. 91"
"F","Ibunga",0.3,18.57,"Botendo","Wotzka 1995: 572-3 Map 16"
"F","Ifomo",-0.57,21.89,"Bokone","Wotzka 1995: 576-7 Map 18"
"F","Ifomo",-0.57,21.89,"Bolondo","Wotzka 1995: 570-1 Map 15"
"F","Ifulu",-0.53,19.43,"Bondongo","Wotzka 1995: 562-3 Map 11"
"F","Ifulu",-0.53,19.43,"Botendo","Wotzka 1995: 572-3 Map 16"
"F","Ifulu",-0.53,19.43,"Imbonga","Wotzka 1995: 544-5 Map 2"
"F","Ifulu",-0.53,19.43,"Longa","Wotzka 1995: 558-9 Map 9"
"F","Ifulu",-0.53,19.43,"Nkile","Wotzka 1995: 566-7 Map 13"
"F","Ifulu",-0.53,19.43,"Yete","Wotzka 1995: 552-3 Map 6"
"F","Ikaala",0.98,20.34,"Bondongo","Wotzka 1995: 562-3 Map 11"
"F","Ikaala",0.98,20.34,"Longa","Wotzka 1995: 558-9 Map 9"
"F","Ikali",-2.03,21.04,"Bekongo","Wotzka 1995: 562-3 Map 11"
"F","Ikembeli",-0.36,20.58,"Besongo","Wotzka 1995: 564-5 Map 12"
"F","Ikembeli",-0.36,20.58,"Bondongo","Wotzka 1995: 562-3 Map 11"
"F","Ikembeli",-0.36,20.58,"Bosanga","Wotzka 1995: 568-9 Map 14"
"F","Ikembeli",-0.36,20.58,"Botendo","Wotzka 1995: 572-3 Map 16"
"F","Ikembeli",-0.36,20.58,"Inkaka","Wotzka 1995: 574-5 Map 17"
"F","Ikembeli",-0.36,20.58,"Longa","Wotzka 1995: 558-9 Map 9"
"F","Ikembeli",-0.36,20.58,"Nkile","Wotzka 1995: 566-7 Map 13"
"F","Ikenge",-0.12,18.78,"Besongo","Wotzka 1995: 564-5 Map 12"
"F","Ikenge",-0.12,18.78,"Bondongo","Wotzka 1995: 562-3 Map 11"
"F","Ikenge",-0.12,18.78,"Bonkake","Wotzka 1995: 546-7 Map 3"
"F","Ikenge",-0.12,18.78,"Botendo","Wotzka 1995: 572-3 Map 16"
"F","Ikenge",-0.12,18.78,"Ikenge","Wotzka 1995: 580-1 Map 20"
"F","Ikenge",-0.12,18.78,"Imbonga","Wotzka 1995: 544-5 Map 2"
"F","Ikenge",-0.12,18.78,"Inganda","Wotzka 1995: 547-9 Map 4"
"F","Ikenge",-0.12,18.78,"Ingende","Wotzka 1995: 546-7 Map 3"
"F","Ikenge",-0.12,18.78,"Longa","Wotzka 1995: 558-9 Map 9"
"F","Ikenge",-0.12,18.78,"Nkile","Wotzka 1995: 566-7 Map 13"
"F","Ikengo",-0.13,18.13,"Botendo","Wotzka 1995: 572-3 Map 16"
"F","Ikindantoi",-0.77,19.83,"Bondongo","Wotzka 1995: 562-3 Map 11"
"F","Ikomaloki",-1.21,23.77,"Bokone","Wotzka 1995: 576-7 Map 18"
"F","Ikua",-0.11,18.65,"Bondongo","Wotzka 1995: 562-3 Map 11"
"F","Ikua",-0.11,18.65,"Botendo","Wotzka 1995: 572-3 Map 16"
"F","Ikua",-0.11,18.65,"Imbonga","Wotzka 1995: 544-5 Map 2"
"F","Ikua",-0.11,18.65,"Lingonda","Wotzka 1995: 554-5 Map 7"
"F","Ilanga",0.28,17.9,"Bokwango","Seidensticker in press: 94 Fig. 37"
"F","Ilanga",0.28,17.9,"Botendo","Seidensticker in press: 177 Fig. 93"
"F","Ilebo",0.98,18.79,"Botendo","Wotzka 1995: 572-3 Map 16"
"F","Ilemba",-0.26,21.09,"Bokone","Wotzka 1995: 576-7 Map 18"
"F","Ilemba",-0.26,21.09,"Bolombi","Wotzka 1995: 578-9 Map 19"
"F","Ilemba",-0.26,21.09,"Ilemba-Bokonda","Wotzka 1995: 580-1 Map 20"
"F","Imbonga",-0.82,19.79,"Bokuma","Wotzka 1995: 556-7 Map 8"
"F","Imbonga",-0.82,19.79,"Bondongo","Wotzka 1995: 562-3 Map 11"
"F","Imbonga",-0.82,19.79,"Bonkake","Wotzka 1995: 546-7 Map 3"
"F","Imbonga",-0.82,19.79,"Botendo","Wotzka 1995: 572-3 Map 16"
"F","Imbonga",-0.82,19.79,"Ikenge","Wotzka 1995: 580-1 Map 20"
"F","Imbonga",-0.82,19.79,"Imbonga","Wotzka 1995: 544-5 Map 2"
"F","Imbonga",-0.82,19.79,"Inganda","Wotzka 1995: 547-9 Map 4"
"F","Imbonga",-0.82,19.79,"Ingende","Wotzka 1995: 546-7 Map 3"
"F","Imbonga",-0.82,19.79,"Lingonda","Wotzka 1995: 554-5 Map 7"
"F","Imbonga",-0.82,19.79,"Lokondola","Wotzka 1995: 550-1 Map 5"
"F","Imbonga",-0.82,19.79,"Longa","Wotzka 1995: 558-9 Map 9"
"F","Imbonga",-0.82,19.79,"Lusako","Wotzka 1995: 552-3 Map 6"
"F","Imbonga",-0.82,19.79,"Mbandaka","Wotzka 1995: 560-1 Map 10"
"F","Imbonga",-0.82,19.79,"Monkoto","Wotzka 1995: 550-1 Map 5"
"F","Imbonga",-0.82,19.79,"Nkile","Wotzka 1995: 566-7 Map 13"
"F","Imbonga",-0.82,19.79,"Wafanya","Wotzka 1995: 564-5 Map 12"
"F","Imbonga",-0.82,19.79,"Yete","Wotzka 1995: 552-3 Map 6"
"F","Inganda",-0.02,18.21,"Bondongo","Wotzka 1995: 562-3 Map 11"
"F","Inganda",-0.02,18.21,"Botendo","Wotzka 1995: 572-3 Map 16"
"F","Inganda",1.02,18.85,"Botendo","Wotzka 1995: 572-3 Map 16"
"F","Inganda",-0.02,18.21,"Imbonga","Wotzka 1995: 544-5 Map 2"
"F","Inganda",-0.02,18.21,"Inganda","Wotzka 1995: 547-9 Map 4"
"F","Inganda",-0.02,18.21,"Lingonda","Wotzka 1995: 554-5 Map 7"
"F","Ingende",-0.31,18.97,"Bondongo","Wotzka 1995: 562-3 Map 11"
"F","Ingende",-0.31,18.97,"Bosanga","Wotzka 1995: 568-9 Map 14"
"F","Ingende",-0.31,18.97,"Botendo","Wotzka 1995: 572-3 Map 16"
"F","Ingende",-0.31,18.97,"Imbonga","Wotzka 1995: 544-5 Map 2"
"F","Ingende",-0.31,18.97,"Inganda","Wotzka 1995: 547-9 Map 4"
"F","Ingende",-0.31,18.97,"Ingende","Wotzka 1995: 546-7 Map 3"
"F","Ingende",-0.31,18.97,"Longa","Wotzka 1995: 558-9 Map 9"
"F","Ingende",-0.31,18.97,"Monkoto","Wotzka 1995: 550-1 Map 5"
"F","Ingonda Bosopela",0.79,18.55,"Bondongo","Wotzka 1995: 562-3 Map 11"
"F","Ingonda Bosopela",0.79,18.55,"Botendo","Wotzka 1995: 572-3 Map 16"
"F","Ingonda Bosopela",0.79,18.55,"Imbonga","Wotzka 1995: 544-5 Map 2"
"F","Ingonda Bosopela",0.79,18.55,"Inganda","Wotzka 1995: 547-9 Map 4"
"F","Ingonda Bosopela",0.79,18.55,"Lokonge","Wotzka 1995: 578-9 Map 19"
"F","Ingonda Bosopela",0.79,18.55,"Longa","Wotzka 1995: 558-9 Map 9"
"F","Ingonda Bosopela",0.79,18.55,"Pikunda-Munda","Seidensticker in press: 116 Fig. 51"
"F","Inkaka",-0.21,20.26,"Besongo","Wotzka 1995: 564-5 Map 12"
"F","Inkaka",-0.21,20.26,"Bondongo","Wotzka 1995: 562-3 Map 11"
"F","Inkaka",-0.21,20.26,"Bosanga","Wotzka 1995: 568-9 Map 14"
"F","Inkaka",-0.21,20.26,"Botendo","Wotzka 1995: 572-3 Map 16"
"F","Inkaka",-0.21,20.26,"Inganda","Wotzka 1995: 547-9 Map 4"
"F","Inkaka",-0.21,20.26,"Inkaka","Wotzka 1995: 574-5 Map 17"
"F","Inkaka",-0.21,20.26,"Lingonda","Wotzka 1995: 554-5 Map 7"
"F","Inkaka",-0.21,20.26,"Longa","Wotzka 1995: 558-9 Map 9"
"F","Inkaka",-0.21,20.26,"Lusako","Wotzka 1995: 552-3 Map 6"
"F","Inkaka",-0.21,20.26,"Nkile","Wotzka 1995: 566-7 Map 13"
"F","Inkaka",-0.21,20.26,"Yete","Wotzka 1995: 552-3 Map 6"
"F","Inkunji",1.5,20.96,"Nkomba","Wotzka 1995: 578-9 Map 19"
"F","Inyele",-0.24,19.75,"Ikenge","Wotzka 1995: 580-1 Map 20"
"F","Ipono",1.02,20.22,"Bondongo","Wotzka 1995: 562-3 Map 11"
"F","Irebu",-0.61,17.77,"Longa","Wotzka 1995: 558-9 Map 9"
"F","Isaka-Elinga",-0.67,20.2,"Bondongo","Wotzka 1995: 562-3 Map 11"
"F","Isaka-Elinga",-0.67,20.2,"Imbonga","Wotzka 1995: 544-5 Map 2"
"F","Isaka-Elinga",-0.67,20.2,"Lingonda","Wotzka 1995: 554-5 Map 7"
"F","Isaka-Elinga",-0.67,20.2,"Longa","Wotzka 1995: 558-9 Map 9"
"F","Isaka-Elinga",-0.67,20.2,"Monkoto","Wotzka 1995: 550-1 Map 5"
"F","Isaka-Elinga",-0.67,20.2,"Yete","Wotzka 1995: 552-3 Map 6"
"F","Isaka-Nkundo",-0.67,20.17,"Bondongo","Wotzka 1995: 562-3 Map 11"
"F","Isaka-Nkundo",-0.67,20.17,"Imbonga","Wotzka 1995: 544-5 Map 2"
"F","Isaka-Nkundo",-0.67,20.17,"Lingonda","Wotzka 1995: 554-5 Map 7"
"F","Isaka-Nkundo",-0.67,20.17,"Longa","Wotzka 1995: 558-9 Map 9"
"F","Isaka-Nkundo",-0.67,20.17,"Monkoto","Wotzka 1995: 550-1 Map 5"
"F","Isaka-Nkundo",-0.67,20.17,"Yete","Wotzka 1995: 552-3 Map 6"
"F","Isambo-Elongo",-0.37,21.48,"Bokone","Wotzka 1995: 576-7 Map 18"
"F","Isambo-Elongo",-0.37,21.48,"Bolondo","Wotzka 1995: 570-1 Map 15"
"F","Isambo-Elongo",-0.37,21.48,"Ilemba-Bokonda","Wotzka 1995: 580-1 Map 20"
"F","Isenge-Moke",-0.17,18.82,"Bondongo","Wotzka 1995: 562-3 Map 11"
"F","Isenge-Moke",-0.17,18.82,"Nkile","Wotzka 1995: 566-7 Map 13"
"F","Isia",0.26,18.3,"Botendo","Wotzka 1995: 572-3 Map 16"
"F","Iteli",0.31,18.62,"Besongo","Wotzka 1995: 564-5 Map 12"
"F","Iteli",0.31,18.62,"Bondongo","Wotzka 1995: 562-3 Map 11"
"F","Iteli",0.31,18.62,"Bonkake","Wotzka 1995: 546-7 Map 3"
"F","Iteli",0.31,18.62,"Botendo","Wotzka 1995: 572-3 Map 16"
"F","Iteli",0.31,18.62,"Ikenge","Wotzka 1995: 580-1 Map 20"
"F","Iteli",0.31,18.62,"Imbonga","Wotzka 1995: 544-5 Map 2"
"F","Iteli",0.31,18.62,"Inganda","Wotzka 1995: 547-9 Map 4"
"F","Iteli",0.31,18.62,"Ingende","Wotzka 1995: 546-7 Map 3"
"F","Iteli",0.31,18.62,"Lingonda","Wotzka 1995: 554-5 Map 7"
"F","Iteli",0.31,18.62,"Longa","Wotzka 1995: 558-9 Map 9"
"F","Iteli",0.31,18.62,"Malelembe","Wotzka 1995: 568-9 Map 14"
"F","Iteli",0.31,18.62,"Mbandaka","Wotzka 1995: 560-1 Map 10"
"F","Iteli",0.31,18.62,"Nkile","Wotzka 1995: 566-7 Map 13"
"F","Iteli",0.31,18.62,"Yete","Wotzka 1995: 552-3 Map 6"
"F","Itumbo",-1,20.29,"Bekongo","Wotzka 1995: 562-3 Map 11"
"F","Itumbo",-1,20.29,"Bondongo","Wotzka 1995: 562-3 Map 11"
"F","Itumbo",-1,20.29,"Monkoto","Wotzka 1995: 550-1 Map 5"
"F","Itumbo",-1,20.29,"Nkile","Wotzka 1995: 566-7 Map 13"
"F","Itumbo",-1,20.29,"Wafanya","Wotzka 1995: 564-5 Map 12"
"F","Iyonda",-0.03,18.19,"Bokuma","Wotzka 1995: 556-7 Map 8"
"F","Iyonda",-0.03,18.19,"Bondongo","Wotzka 1995: 562-3 Map 11"
"F","Iyonda",-0.03,18.19,"Botendo","Wotzka 1995: 572-3 Map 16"
"F","Iyonda",-0.03,18.19,"Imbonga","Wotzka 1995: 544-5 Map 2"
"F","Iyonda",-0.03,18.19,"Ingende","Wotzka 1995: 546-7 Map 3"
"F","Iyonda",-0.03,18.19,"Lingonda","Wotzka 1995: 554-5 Map 7"
"F","Iyonda",-0.03,18.19,"Nkile","Wotzka 1995: 566-7 Map 13"
"F","Iyongo-Iyanko",-0.31,21.26,"Bokone","Wotzka 1995: 576-7 Map 18"
"F","Iyongo-Iyanko",-0.31,21.26,"Bolombi","Wotzka 1995: 578-9 Map 19"
"F","Iyongo-Iyanko",-0.31,21.26,"Ilemba-Bokonda","Wotzka 1995: 580-1 Map 20"
"F","Kwambili",0.16,18.35,"Bondongo","Wotzka 1995: 562-3 Map 11"
"F","Kwambili",0.16,18.35,"Botendo","Wotzka 1995: 572-3 Map 16"
"F","Kwambili",0.16,18.35,"Ikenge","Wotzka 1995: 580-1 Map 20"
"F","Kwambili",0.16,18.35,"Imbonga","Wotzka 1995: 544-5 Map 2"
"F","Kwambili",0.16,18.35,"Longa","Wotzka 1995: 558-9 Map 9"
"F","Libiya",1.31,20.15,"Bondongo","Wotzka 1995: 562-3 Map 11"
"F","Libiya",1.31,20.15,"Inganda","Wotzka 1995: 547-9 Map 4"
"F","Libiya",1.31,20.15,"Lingonda","Wotzka 1995: 554-5 Map 7"
"F","Libiya",1.31,20.15,"Mbandaka","Wotzka 1995: 560-1 Map 10"
"F","Lifoso",0.15,21.54,"Bondongo","Wotzka 1995: 562-3 Map 11"
"F","Lifoso",0.15,21.54,"Ilemba-Bokonda","Wotzka 1995: 580-1 Map 20"
"F","Lifoso",0.15,21.54,"Yopoko","Wotzka 1995: 580-1 Map 20"
"F","Likuku",0.14,21.3,"Bokone","Wotzka 1995: 576-7 Map 18"
"F","Likuku",0.14,21.3,"Bondongo","Wotzka 1995: 562-3 Map 11"
"F","Likuku",0.14,21.3,"Likuku","Wotzka 1995: 576-7 Map 18"
"F","Likuku",0.14,21.3,"Yopoko","Wotzka 1995: 580-1 Map 20"
"F","Lingomo",-1.16,23.54,"Ilemba-Bokonda","Wotzka 1995: 580-1 Map 20"
"F","Lingonda",-0.21,19.37,"Besongo","Wotzka 1995: 564-5 Map 12"
"F","Lingonda",-0.21,19.37,"Bondongo","Wotzka 1995: 562-3 Map 11"
"F","Lingonda",-0.21,19.37,"Lingonda","Wotzka 1995: 554-5 Map 7"
"F","Lingonju",-0.62,19.8,"Imbonga","Wotzka 1995: 544-5 Map 2"
"F","Lioko",0.1,22.11,"Yopoko","Wotzka 1995: 580-1 Map 20"
"F","Lisala",2.15,21.52,"Lisala","Wotzka 1995: 580-1 Map 20"
"F","Lisala",2.15,21.52,"Middle Pottery Phase","Livingstone-Smith et al. 2017"
"F","Liyolongo",-0.34,20.32,"Besongo","Wotzka 1995: 564-5 Map 12"
"F","Liyolongo",-0.34,20.32,"Bondongo","Wotzka 1995: 562-3 Map 11"
"F","Liyolongo",-0.34,20.32,"Bosanga","Wotzka 1995: 568-9 Map 14"
"F","Liyolongo",-0.34,20.32,"Botendo","Wotzka 1995: 572-3 Map 16"
"F","Liyolongo",-0.34,20.32,"Ikenge","Wotzka 1995: 580-1 Map 20"
"F","Liyolongo",-0.34,20.32,"Ilemba-Bokonda","Wotzka 1995: 580-1 Map 20"
"F","Liyolongo",-0.34,20.32,"Inkaka","Wotzka 1995: 574-5 Map 17"
"F","Liyolongo",-0.34,20.32,"Liyolongo","Wotzka 1995: 196"
"F","Liyolongo",-0.34,20.32,"Nkile","Wotzka 1995: 566-7 Map 13"
"F","Loka",0.32,17.95,"Bokwango","Seidensticker in press: 94 Fig. 37"
"F","Loka",0.32,17.95,"Bondongo","Seidensticker in press: 171 Fig. 89"
"F","Loka",0.32,17.95,"Botendo","Seidensticker in press: 177 Fig. 93"
"F","Lokondola",-0.67,19.48,"Bekongo","Wotzka 1995: 562-3 Map 11"
"F","Lokondola",-0.67,19.48,"Bokuma","Wotzka 1995: 556-7 Map 8"
"F","Lokondola",-0.67,19.48,"Bondongo","Wotzka 1995: 562-3 Map 11"
"F","Lokondola",-0.67,19.48,"Bonkake","Wotzka 1995: 546-7 Map 3"
"F","Lokondola",-0.67,19.48,"Botendo","Wotzka 1995: 572-3 Map 16"
"F","Lokondola",-0.67,19.48,"Imbonga","Wotzka 1995: 544-5 Map 2"
"F","Lokondola",-0.67,19.48,"Inganda","Wotzka 1995: 547-9 Map 4"
"F","Lokondola",-0.67,19.48,"Lokondola","Wotzka 1995: 550-1 Map 5"
"F","Lokondola",-0.67,19.48,"Longa","Wotzka 1995: 558-9 Map 9"
"F","Lokondola",-0.67,19.48,"Lusako","Wotzka 1995: 552-3 Map 6"
"F","Lokondola",-0.67,19.48,"Monkoto","Wotzka 1995: 550-1 Map 5"
"F","Lokondola",-0.67,19.48,"Wafanya","Wotzka 1995: 564-5 Map 12"
"F","Lokondola",-0.67,19.48,"Yete","Wotzka 1995: 552-3 Map 6"
"F","Lokonge",0.09,21.83,"Bokone","Wotzka 1995: 576-7 Map 18"
"F","Lokonge",0.09,21.83,"Bondongo","Wotzka 1995: 562-3 Map 11"
"F","Lokonge",0.09,21.83,"Ilemba-Bokonda","Wotzka 1995: 580-1 Map 20"
"F","Lokonge",0.09,21.83,"Likuku","Wotzka 1995: 576-7 Map 18"
"F","Lokonge",0.09,21.83,"Lokonge","Wotzka 1995: 578-9 Map 19"
"F","Lokonge",0.09,21.83,"Mpokioko","Wotzka 1995: 566-7 Map 13"
"F","Lokonge",0.09,21.83,"Yopoko","Wotzka 1995: 580-1 Map 20"
"F","Lokumo",0.35,19.04,"Besongo","Wotzka 1995: 564-5 Map 12"
"F","Lokumo",0.35,19.04,"Bondongo","Wotzka 1995: 562-3 Map 11"
"F","Lokumo",0.35,19.04,"Botendo","Wotzka 1995: 572-3 Map 16"
"F","Lokumo",0.35,19.04,"Mbandaka","Wotzka 1995: 560-1 Map 10"
"F","Lokumo",0.35,19.04,"Nkile","Wotzka 1995: 566-7 Map 13"
"F","Lolitama",-1.01,23.21,"Bokone","Wotzka 1995: 576-7 Map 18"
"F","Lombe",-1.23,19.81,"Bonkake","Wotzka 1995: 546-7 Map 3"
"F","Lombe",-1.23,19.81,"Imbonga","Wotzka 1995: 544-5 Map 2"
"F","Lombe",-1.23,19.81,"Monkoto","Wotzka 1995: 550-1 Map 5"
"F","Lombe",-1.23,19.81,"Wafanya","Wotzka 1995: 564-5 Map 12"
"F","Lombo-Lombo",-0.8,19.82,"Imbonga","Wotzka 1995: 544-5 Map 2"
"F","Longa",-0.25,18.88,"Bondongo","Wotzka 1995: 562-3 Map 11"
"F","Longa",-0.25,18.88,"Botendo","Wotzka 1995: 572-3 Map 16"
"F","Longa",-0.25,18.88,"Ikenge","Wotzka 1995: 580-1 Map 20"
"F","Longa",-0.25,18.88,"Imbonga","Wotzka 1995: 544-5 Map 2"
"F","Longa",-0.25,18.88,"Ingende","Wotzka 1995: 546-7 Map 3"
"F","Longa",-0.25,18.88,"Lokondola","Wotzka 1995: 550-1 Map 5"
"F","Longa",-0.25,18.88,"Longa","Wotzka 1995: 558-9 Map 9"
"F","Longa",-0.25,18.88,"Monkoto","Wotzka 1995: 550-1 Map 5"
"F","Loolo",-0.25,19.18,"Ikenge","Wotzka 1995: 580-1 Map 20"
"F","Losombo",1.11,19.09,"Botendo","Wotzka 1995: 572-3 Map 16"
"F","Losombo",1.11,19.09,"Ikenge","Wotzka 1995: 580-1 Map 20"
"F","Losombo",1.11,19.09,"Imbonga","Wotzka 1995: 544-5 Map 2"
"F","Losombo",1.11,19.09,"Inganda","Wotzka 1995: 547-9 Map 4"
"F","Losombo",1.11,19.09,"Likuku","Wotzka 1995: 576-7 Map 18"
"F","Losombo",1.11,19.09,"Lokonge","Wotzka 1995: 578-9 Map 19"
"F","Lotoko",-0.29,19.87,"Bondongo","Wotzka 1995: 562-3 Map 11"
"F","Lotoko",-0.29,19.87,"Lingonda","Wotzka 1995: 554-5 Map 7"
"F","Lotumbe",-0.47,19.38,"Botendo","Wotzka 1995: 572-3 Map 16"
"F","Lotumbe",-0.47,19.38,"Lokondola","Wotzka 1995: 550-1 Map 5"
"F","Lukolela",-1.06,17.18,"Bobusa","Seidensticker in press: 161 Fig. 81"
"F","Lukolela",-1.06,17.18,"Mbandaka","Seidensticker in press: 174 Fig. 91"
"F","Lusako",-0.92,19.96,"Bondongo","Wotzka 1995: 562-3 Map 11"
"F","Lusako",-0.92,19.96,"Bonkake","Wotzka 1995: 546-7 Map 3"
"F","Lusako",-0.92,19.96,"Botendo","Wotzka 1995: 572-3 Map 16"
"F","Lusako",-0.92,19.96,"Imbonga","Wotzka 1995: 544-5 Map 2"
"F","Lusako",-0.92,19.96,"Longa","Wotzka 1995: 558-9 Map 9"
"F","Lusako",-0.92,19.96,"Lusako","Wotzka 1995: 552-3 Map 6"
"F","Lusako",-0.92,19.96,"Yete","Wotzka 1995: 552-3 Map 6"
"F","Maberu",-1.07,17.26,"Bokonongo","Seidensticker in press: 119 Fig. 53"
"F","Maberu",-1.07,17.26,"Mbandaka","Seidensticker in press: 174 Fig. 91"
"F","Malanga",1.14,20.01,"Botendo","Wotzka 1995: 572-3 Map 16"
"F","Malelembe",0.25,18.4,"Besongo","Wotzka 1995: 564-5 Map 12"
"F","Malelembe",0.25,18.4,"Bondongo","Wotzka 1995: 562-3 Map 11"
"F","Malelembe",0.25,18.4,"Botendo","Wotzka 1995: 572-3 Map 16"
"F","Malelembe",0.25,18.4,"Longa","Wotzka 1995: 558-9 Map 9"
"F","Malelembe",0.25,18.4,"Malelembe","Wotzka 1995: 568-9 Map 14"
"F","Malelembe",0.25,18.4,"Nkile","Wotzka 1995: 566-7 Map 13"
"F","Manjinji",1.33,20.23,"Mbandaka","Wotzka 1995: 560-1 Map 10"
"F","Mbala",-0.42,19.31,"Imbonga","Wotzka 1995: 544-5 Map 2"
"F","Mbandaka",0.06,18.26,"Bondongo","Wotzka 1995: 562-3 Map 11"
"F","Mbandaka",0.06,18.26,"Botendo","Wotzka 1995: 572-3 Map 16"
"F","Mbandaka",0.06,18.26,"Ikenge","Wotzka 1995: 580-1 Map 20"
"F","Mbandaka",0.06,18.26,"Imbonga","Wotzka 1995: 544-5 Map 2"
"F","Mbandaka",0.06,18.26,"Inganda","Wotzka 1995: 547-9 Map 4"
"F","Mbandaka",0.06,18.26,"Lokondola","Wotzka 1995: 550-1 Map 5"
"F","Mbandaka",0.06,18.26,"Longa","Wotzka 1995: 558-9 Map 9"
"F","Mbandaka",0.06,18.26,"Lusako","Wotzka 1995: 552-3 Map 6"
"F","Mbandaka",0.06,18.26,"Mbandaka","Wotzka 1995: 560-1 Map 10"
"F","Mbandaka",0.06,18.26,"Nkile","Wotzka 1995: 566-7 Map 13"
"F","Mobele",0.64,18.38,"Botendo","Wotzka 1995: 572-3 Map 16"
"F","Mobele",0.64,18.38,"Lingonda","Wotzka 1995: 554-5 Map 7"
"F","Moenge",2.05,22.86,"Ilambi","Livingstone-Smith et al. 2017"
"F","Moenge",2.05,22.86,"Middle Pottery Phase","Livingstone-Smith et al. 2017"
"F","Moenge",2.05,22.86,"Nkomba","Livingstone-Smith et al. 2017"
"F","Moenge",2.05,22.86,"Yaekela","Livingstone-Smith et al. 2017"
"F","Molanga",1.14,20.01,"Bondongo","Wotzka 1995: 562-3 Map 11"
"F","Molanga",1.14,20.01,"Imbonga","Wotzka 1995: 544-5 Map 2"
"F","Molanga",1.14,20.01,"Longa","Wotzka 1995: 558-9 Map 9"
"F","Momboyo I",-1.15,20.31,"Imbonga","Wotzka 1995: 544-5 Map 2"
"F","Momboyo I",-1.15,20.31,"Lusako","Wotzka 1995: 552-3 Map 6"
"F","Momboyo I",-1.15,20.31,"Yete","Wotzka 1995: 552-3 Map 6"
"F","Mondjo",0.37,19.27,"Botendo","Wotzka 1995: 572-3 Map 16"
"F","Monieka",-0.21,20.05,"Besongo","Wotzka 1995: 564-5 Map 12"
"F","Monieka",-0.21,20.05,"Bondongo","Wotzka 1995: 562-3 Map 11"
"F","Monieka",-0.21,20.05,"Botendo","Wotzka 1995: 572-3 Map 16"
"F","Monieka",-0.21,20.05,"Lingonda","Wotzka 1995: 554-5 Map 7"
"F","Monieka",-0.21,20.05,"Lokondola","Wotzka 1995: 550-1 Map 5"
"F","Monieka",-0.21,20.05,"Longa","Wotzka 1995: 558-9 Map 9"
"F","Monieka",-0.21,20.05,"Nkile","Wotzka 1995: 566-7 Map 13"
"F","Monkoto",-1.75,20.68,"Bekongo","Wotzka 1995: 562-3 Map 11"
"F","Monkoto",-1.75,20.68,"Botendo","Wotzka 1995: 572-3 Map 16"
"F","Monkoto",-1.75,20.68,"Ikenge","Wotzka 1995: 580-1 Map 20"
"F","Monkoto",-1.75,20.68,"Longa","Wotzka 1995: 558-9 Map 9"
"F","Monkoto",-1.75,20.68,"Monkoto","Wotzka 1995: 550-1 Map 5"
"F","Monkoto",-1.75,20.68,"Wafanya","Wotzka 1995: 564-5 Map 12"
"F","Monzambi",0.3,18.54,"Besongo","Wotzka 1995: 564-5 Map 12"
"F","Monzambi",0.3,18.54,"Bondongo","Wotzka 1995: 562-3 Map 11"
"F","Monzambi",0.3,18.54,"Botendo","Wotzka 1995: 572-3 Map 16"
"F","Monzambi",0.3,18.54,"Imbonga","Wotzka 1995: 544-5 Map 2"
"F","Monzambi",0.3,18.54,"Inganda","Wotzka 1995: 547-9 Map 4"
"F","Monzambi",0.3,18.54,"Malelembe","Wotzka 1995: 568-9 Map 14"
"F","Monzambi",0.3,18.54,"Nkile","Wotzka 1995: 566-7 Map 13"
"F","Mpaku",-0.14,18.57,"Botendo","Wotzka 1995: 572-3 Map 16"
"F","Mpokioko",0.08,22.07,"Bondongo","Wotzka 1995: 562-3 Map 11"
"F","Mpokioko",0.08,22.07,"Mpokioko","Wotzka 1995: 566-7 Map 13"
"F","Mpumo",-0.81,19.7,"Bondongo","Wotzka 1995: 562-3 Map 11"
"F","Mpumo",-0.81,19.7,"Ikenge","Wotzka 1995: 580-1 Map 20"
"F","Nganda Ikelemba",0.32,18.78,"Botendo","Wotzka 1995: 572-3 Map 16"
"F","Ngbanja",1.67,18.09,"Batalimo-Maluba","Seidensticker in press: 77 Fig. 27"
"F","Ngbanja",1.67,18.09,"Bondongo","Seidensticker in press: 171 Fig. 89"
"F","Ngbanja",1.67,18.09,"Dongo","Seidensticker in press: 85 Fig. 31"
"F","Ngbanja",1.67,18.09,"Ngbanja","Seidensticker in press: 82 Fig. 29"
"F","Ngombe-Malala",-0.33,20.64,"Botendo","Wotzka 1995: 572-3 Map 16"
"F","Ngombe-Malala",-0.33,20.64,"Ikenge","Wotzka 1995: 580-1 Map 20"
"F","Ngombe-Malala",-0.33,20.64,"Ilemba-Bokonda","Wotzka 1995: 580-1 Map 20"
"F","Ngombe-Malala",-0.33,20.64,"Inkaka","Wotzka 1995: 574-5 Map 17"
"F","Ngongo",0.12,21.39,"Bokone","Wotzka 1995: 576-7 Map 18"
"F","Ngongo",0.12,21.39,"Mpokioko","Wotzka 1995: 566-7 Map 13"
"F","Nkasa",-0.78,19.62,"Bondongo","Wotzka 1995: 228 Tab. 115"
"F","Nkasa",-0.78,19.62,"Bonkake","Wotzka 1995: 546-7 Map 3"
"F","Nkasa",-0.78,19.62,"Botendo","Wotzka 1995: 228 Tab. 115"
"F","Nkasa",-0.78,19.62,"Imbonga","Wotzka 1995: 544-5 Map 2"
"F","Nkasa",-0.78,19.62,"Inganda","Wotzka 1995: 547-9 Map 4"
"F","Nkasa",-0.78,19.62,"Lokondola","Wotzka 1995: 550-1 Map 5"
"F","Nkasa",-0.78,19.62,"Lusako","Wotzka 1995: 552-3 Map 6"
"F","Nkasa",-0.78,19.62,"Monkoto","Wotzka 1995: 550-1 Map 5"
"F","Nkasa",-0.78,19.62,"Nkile","Wotzka 1995: 566-7 Map 13"
"F","Nkasa",-0.78,19.62,"Wafanya","Wotzka 1995: 564-5 Map 12"
"F","Nkasa Elali",-0.77,19.62,"Bondongo","Wotzka 1995: 562-3 Map 11"
"F","Nkasa Elali",-0.77,19.62,"Botendo","Wotzka 1995: 572-3 Map 16"
"F","Nkasa Elali",-0.77,19.62,"Imbonga","Wotzka 1995: 228 Tab. 115"
"F","Nkasa Elali",-0.77,19.62,"Longa","Wotzka 1995: 558-9 Map 9"
"F","Nkemasoni",-1.99,20.97,"Bekongo","Wotzka 1995: 562-3 Map 11"
"F","Nkemasoni",-1.99,20.97,"Bokuma","Wotzka 1995: 556-7 Map 8"
"F","Nkile",-0.1,18.67,"Bokone","Wotzka 1995: 576-7 Map 18"
"F","Nkile",-0.1,18.67,"Bondongo","Wotzka 1995: 562-3 Map 11"
"F","Nkile",-0.1,18.67,"Botendo","Wotzka 1995: 572-3 Map 16"
"F","Nkile",-0.1,18.67,"Ikenge","Wotzka 1995: 580-1 Map 20"
"F","Nkile",-0.1,18.67,"Imbonga","Wotzka 1995: 544-5 Map 2"
"F","Nkile",-0.1,18.67,"Lingonda","Wotzka 1995: 554-5 Map 7"
"F","Nkile",-0.1,18.67,"Lokondola","Wotzka 1995: 550-1 Map 5"
"F","Nkile",-0.1,18.67,"Longa","Wotzka 1995: 558-9 Map 9"
"F","Nkile",-0.1,18.67,"Mbandaka","Wotzka 1995: 560-1 Map 10"
"F","Nkile",-0.1,18.67,"Monkoto","Wotzka 1995: 550-1 Map 5"
"F","Nkile",-0.1,18.67,"Nkile","Wotzka 1995: 566-7 Map 13"
"F","Nkile",-0.1,18.67,"Yete","Wotzka 1995: 552-3 Map 6"
"F","Nkole",1.04,18.86,"Botendo","Wotzka 1995: 572-3 Map 16"
"F","Nkoma",-0.51,21.75,"Bokone","Wotzka 1995: 576-7 Map 18"
"F","Nkoma",-0.51,21.75,"Bondongo","Wotzka 1995: 562-3 Map 11"
"F","Nkomba",2.17,21.59,"Lisala","Wotzka 1995: 580-1 Map 20"
"F","Nkomba",2.17,21.59,"Nkomba","Wotzka 1995: 578-9 Map 19"
"F","Nkombo",-0.11,18.62,"Bondongo","Wotzka 1995: 562-3 Map 11"
"F","Nkombo",-0.11,18.62,"Botendo","Wotzka 1995: 572-3 Map 16"
"F","Nkombo",-0.11,18.62,"Ikenge","Wotzka 1995: 580-1 Map 20"
"F","Nkombo",-0.11,18.62,"Imbonga","Wotzka 1995: 544-5 Map 2"
"F","Nkombo",-0.11,18.62,"Longa","Wotzka 1995: 558-9 Map 9"
"F","Nkombo",-0.11,18.62,"Lusako","Wotzka 1995: 552-3 Map 6"
"F","Nkombo",-0.11,18.62,"Nkile","Wotzka 1995: 566-7 Map 13"
"F","Nkoyakoli",-0.37,20.52,"Besongo","Wotzka 1995: 564-5 Map 12"
"F","Nkoyakoli",-0.37,20.52,"Bondongo","Wotzka 1995: 562-3 Map 11"
"F","Nkoyakoli",-0.37,20.52,"Ikenge","Wotzka 1995: 580-1 Map 20"
"F","Nkoyakoli",-0.37,20.52,"Inkaka","Wotzka 1995: 574-5 Map 17"
"F","Nkuse",-0.4,20.01,"Besongo","Wotzka 1995: 564-5 Map 12"
"F","Nkuse",-0.4,20.01,"Bondongo","Wotzka 1995: 562-3 Map 11"
"F","Nkuse",-0.4,20.01,"Botendo","Wotzka 1995: 572-3 Map 16"
"F","Nkuse",-0.4,20.01,"Imbonga","Wotzka 1995: 544-5 Map 2"
"F","Nkuse",-0.4,20.01,"Inganda","Wotzka 1995: 547-9 Map 4"
"F","Nkuse",-0.4,20.01,"Lingonda","Wotzka 1995: 554-5 Map 7"
"F","Nkuse",-0.4,20.01,"Longa","Wotzka 1995: 558-9 Map 9"
"F","Ntomba",0.41,19.56,"Botendo","Wotzka 1995: 572-3 Map 16"
"F","Ntomba",0.41,19.56,"Ikenge","Wotzka 1995: 580-1 Map 20"
"F","Ntomba",0.41,19.56,"Lingonda","Wotzka 1995: 554-5 Map 7"
"F","Ruki I",-0.35,19.01,"Bondongo","Wotzka 1995: 562-3 Map 11"
"F","Ruki I",-0.35,19.01,"Botendo","Wotzka 1995: 572-3 Map 16"
"F","Ruki I",-0.35,19.01,"Nkile","Wotzka 1995: 566-7 Map 13"
"F","Sungu",-1.03,17.33,"Bobusa","Seidensticker in press: 161 Fig. 81"
"F","Sungu",-1.03,17.33,"Bokonongo","Seidensticker in press: 119 Fig. 53"
"F","Sungu",-1.03,17.33,"Botendo","Seidensticker in press: 177 Fig. 93"
"F","Sungu",-1.03,17.33,"Epena","Seidensticker in press: 137 Fig. 64"
"F","Sungu",-1.03,17.33,"Mbandaka","Seidensticker in press: 174 Fig. 91"
"F","Sungu",-1.03,17.33,"Pikunda-Munda","Seidensticker in press: 116 Fig. 51"
"F","Tofumbo",0.05,22.01,"Yopoko","Wotzka 1995: 580-1 Map 20"
"F","Vieux-Wema",-0.57,21.92,"Bokone","Wotzka 1995: 576-7 Map 18"
"F","Vieux-Wema",-0.57,21.92,"Bolondo","Wotzka 1995: 570-1 Map 15"
"F","Vieux-Wema",-0.57,21.92,"Bondongo","Wotzka 1995: 562-3 Map 11"
"F","Vieux-Wema",-0.57,21.92,"Bosanga","Wotzka 1995: 568-9 Map 14"
"F","Vieux-Wema",-0.57,21.92,"Ilemba-Bokonda","Wotzka 1995: 580-1 Map 20"
"F","Vieux-Wema",-0.57,21.92,"Wema","Wotzka 1995: 564-5 Map 12"
"F","Wafanya",-1.35,20.38,"Bekongo","Wotzka 1995: 562-3 Map 11"
"F","Wafanya",-1.35,20.38,"Bokuma","Wotzka 1995: 556-7 Map 8"
"F","Wafanya",-1.35,20.38,"Bondongo","Wotzka 1995: 562-3 Map 11"
"F","Wafanya",-1.35,20.38,"Botendo","Wotzka 1995: 572-3 Map 16"
"F","Wafanya",-1.35,20.38,"Ikenge","Wotzka 1995: 580-1 Map 20"
"F","Wafanya",-1.35,20.38,"Imbonga","Wotzka 1995: 544-5 Map 2"
"F","Wafanya",-1.35,20.38,"Longa","Wotzka 1995: 558-9 Map 9"
"F","Wafanya",-1.35,20.38,"Mbandaka","Wotzka 1995: 560-1 Map 10"
"F","Wafanya",-1.35,20.38,"Monkoto","Wotzka 1995: 550-1 Map 5"
"F","Wafanya",-1.35,20.38,"Wafanya","Wotzka 1995: 564-5 Map 12"
"F","Waka",1,20.21,"Botendo","Wotzka 1995: 572-3 Map 16"
"F","Waka",-0.94,20.19,"Botendo","Wotzka 1995: 572-3 Map 16"
"F","Waka",-0.94,20.19,"Imbonga","Wotzka 1995: 544-5 Map 2"
"F","Wema",-0.48,21.64,"Bokone","Wotzka 1995: 576-7 Map 18"
"F","Wema",-0.48,21.64,"Bolondo","Wotzka 1995: 570-1 Map 15"
"F","Wema",-0.48,21.64,"Bondongo","Wotzka 1995: 562-3 Map 11"
"F","Wema",-0.48,21.64,"Ikenge","Wotzka 1995: 580-1 Map 20"
"F","Wema",-0.48,21.64,"Ilemba-Bokonda","Wotzka 1995: 580-1 Map 20"
"F","Wema",-0.48,21.64,"Longa","Wotzka 1995: 558-9 Map 9"
"F","Wema",-0.48,21.64,"Wema","Wotzka 1995: 564-5 Map 12"
"F","Wete",-0.6,22.27,"Bokone","Wotzka 1995: 576-7 Map 18"
"F","Wete",-0.6,22.27,"Bondongo","Wotzka 1995: 562-3 Map 11"
"F","Wete",-0.6,22.27,"Bosanga","Wotzka 1995: 568-9 Map 14"
"F","Wete",-0.6,22.27,"Longa","Wotzka 1995: 558-9 Map 9"
"F","Yalifita",-1.03,23.28,"Bondongo","Wotzka 1995: 562-3 Map 11"
"F","Yete",-1.18,20.34,"Bondongo","Wotzka 1995: 562-3 Map 11"
"F","Yete",-1.18,20.34,"Botendo","Wotzka 1995: 572-3 Map 16"
"F","Yete",-1.18,20.34,"Imbonga","Wotzka 1995: 544-5 Map 2"
"F","Yete",-1.18,20.34,"Longa","Wotzka 1995: 558-9 Map 9"
"F","Yete",-1.18,20.34,"Lusako","Wotzka 1995: 552-3 Map 6"
"F","Yete",-1.18,20.34,"Nkile","Wotzka 1995: 566-7 Map 13"
"F","Yete",-1.18,20.34,"Wafanya","Wotzka 1995: 564-5 Map 12"
"F","Yete",-1.18,20.34,"Yete","Wotzka 1995: 552-3 Map 6"
"F","Yopoko",0.16,22.34,"Bondongo","Seidensticker in press: 171 Fig. 89"
"F","Yopoko",0.16,22.34,"Longa","Wotzka 1995: 558-9 Map 9"
"F","Yopoko",0.16,22.34,"Yopoko","Wotzka 1995: 580-1 Map 20"
"E","Bobusa",-1.05,16.92,"Bobusa","Seidensticker in press: 161 Fig. 81"
"E","Bobusa",-1.05,16.92,"Botendo","Seidensticker in press: 177 Fig. 93"
"E","Bobusa",-1.05,16.92,"Epena","Seidensticker in press: 137 Fig. 64"
"E","Bobusa",-1.05,16.92,"Mobaka","Seidensticker in press: 140 Fig. 67"
"E","Boenja",0.08,17.48,"Epena","Seidensticker in press: 137 Fig. 64"
"E","Bojenjo",-0.01,17.43,"Ebambe","Seidensticker in press: 133 Fig. 61"
"E","Bojenjo",-0.01,17.43,"Epena","Seidensticker in press: 137 Fig. 64"
"E","Bojenjo",-0.01,17.43,"Mobaka","Seidensticker in press: 140 Fig. 67"
"E","Bokonongo",0.2,17.13,"Bokonongo","Seidensticker in press: 119 Fig. 53"
"E","Bokonongo",0.2,17.13,"Ebambe","Seidensticker in press: 129 Fig. 58"
"E","Bokonongo",0.2,17.13,"Ngombe","Seidensticker in press: 124 Fig. 56"
"E","Bokuma",0.1,17.48,"Epena","Seidensticker in press: 137 Fig. 64"
"E","Bokuma",0.1,17.48,"Mobaka","Seidensticker in press: 140 Fig. 67"
"E","Boleko",-0.81,17.22,"Bobusa","Seidensticker in press: 161 Fig. 81"
"E","Boleko",-0.81,17.22,"Botendo","Seidensticker in press: 177 Fig. 93"
"E","Boleko",-0.81,17.22,"Epena","Seidensticker in press: 137 Fig. 64"
"E","Boleko",-0.81,17.22,"Mobaka","Seidensticker in press: 140 Fig. 67"
"E","Boleko",-0.81,17.22,"Ngombe","Seidensticker in press: 124 Fig. 56"
"E","Bondo-Mission",-0.4,17.17,"Mobaka","Seidensticker in press: 140 Fig. 67"
"E","Bonga",-1.12,16.87,"Bobusa","Seidensticker in press: 161 Fig. 81"
"E","Bonga",-1.12,16.87,"Bondongo","Seidensticker in press: 171 Fig. 89"
"E","Bonga",-1.12,16.87,"Botendo","Seidensticker in press: 177 Fig. 93"
"E","Bonga",-1.12,16.87,"Epena","Seidensticker in press: 137 Fig. 64"
"E","Botwale",-0.55,17.37,"Botendo","Seidensticker in press: 177 Fig. 93"
"E","Botwale",-0.55,17.37,"Epena","Seidensticker in press: 137 Fig. 64"
"E","Botwale",-0.55,17.37,"Mobaka","Seidensticker in press: 140 Fig. 67"
"E","Boyenge",-0.84,17.2,"Botendo","Seidensticker in press: 177 Fig. 93"
"E","Boyenge",-0.84,17.2,"Ebambe","Seidensticker in press: 129 Fig. 58"
"E","Ebambe",0.29,17.39,"Ebambe","Seidensticker in press: 129 Fig. 58"
"E","Ebambe",0.29,17.39,"Epena","Seidensticker in press: 137 Fig. 64"
"E","Ebambe",0.29,17.39,"Mobaka","Seidensticker in press: 140 Fig. 67"
"E","Epena",1.35,17.45,"Epena","Seidensticker in press: 137 Fig. 64"
"E","Ibamba/P2",1.22,16.84,"Pikunda-Munda","Gillet 2013: 113-4"
"E","Ikelemba",1.23,16.5,"Matoto","Seidensticker in press: 127 Fig. 58"
"E","Ikelemba",1.23,16.5,"Mbenja","Seidensticker in press: 158 Fig. 79"
"E","Ikelemba",1.23,16.5,"Pikunda-Munda","Seidensticker in press: 116 Fig. 51"
"E","Ilebo",-0.45,17.43,"Epena","Seidensticker in press: 137 Fig. 64"
"E","Inyenge",0.2,17.11,"Ngombe","Seidensticker in press: 124 Fig. 56"
"E","Itandi",0.7,16.59,"Mandombe","Seidensticker in press: 144 Fig. 70"
"E","Itanga",1.21,17.41,"Ebambe","Seidensticker in press: 129 Fig. 58"
"E","Itanga",1.21,17.41,"Epena","Seidensticker in press: 137 Fig. 64"
"E","Itanga",1.21,17.41,"Mobaka","Seidensticker in press: 140 Fig. 67"
"E","Jeke",1.06,17.31,"Ebambe","Seidensticker in press: 129 Fig. 58"
"E","Jeke",1.06,17.31,"Epena","Seidensticker in press: 137 Fig. 64"
"E","Jeke",1.06,17.31,"Mobaka","Seidensticker in press: 140 Fig. 67"
"E","Konda",1.78,16.15,"Konda","Seidensticker in press: 148 Fig. 72"
"E","Konda",1.78,16.15,"Mandombe","Seidensticker in press: 144 Fig. 70"
"E","Konda",1.78,16.15,"Pandama","Seidensticker in press: 154 Fig. 76"
"E","Leme",1.88,16.11,"Epena","Seidensticker in press: 137 Fig. 64"
"E","Leme",1.88,16.11,"Konda","Seidensticker in press: 148 Fig. 72"
"E","Likaya",-0.34,17.13,"Pikunda-Munda","Seidensticker in press: 116 Fig. 51"
"E","Likunda",0.73,17.13,"Ebambe","Seidensticker in press: 129 Fig. 58"
"E","Likunda",0.73,17.13,"Epena","Seidensticker in press: 137 Fig. 64"
"E","Likwala-Esobe km 401",0.82,17.09,"Matoto","Seidensticker in press: 127 Fig. 58"
"E","Loboko",-0.11,17.13,"Bokonongo","Seidensticker in press: 119 Fig. 53"
"E","Loboko",-0.11,17.13,"Botendo","Seidensticker in press: 177 Fig. 93"
"E","Loboko",-0.11,17.13,"Ebambe","Seidensticker in press: 129 Fig. 58"
"E","Loboko",-0.11,17.13,"Mobaka","Seidensticker in press: 140 Fig. 67"
"E","Lokolélé",-0.1,17.42,"Ebambe","Seidensticker in press: 129 Fig. 58"
"E","Lokolélé",-0.1,17.42,"Epena","Seidensticker in press: 137 Fig. 64"
"E","Maboko",1.73,16.14,"Ebambe","Seidensticker in press: 129 Fig. 58"
"E","Maboko",1.73,16.14,"Konda","Seidensticker in press: 148 Fig. 72"
"E","Maboko",1.73,16.14,"Mbenja","Seidensticker in press: 158 Fig. 79"
"E","Maboko",1.73,16.14,"Pandama","Seidensticker in press: 154 Fig. 76"
"E","Mai impembe",2.09,16.09,"Mbenja","Seidensticker in press: 158 Fig. 79"
"E","Mandombe",1.12,16.52,"Konda","Seidensticker in press: 148 Fig. 72"
"E","Mandombe",1.12,16.52,"Mandombe","Seidensticker in press: 144 Fig. 70"
"E","Mandombe",1.12,16.52,"Matoto","Seidensticker in press: 127 Fig. 58"
"E","Mandombe",1.12,16.52,"Mbenja","Seidensticker in press: 158 Fig. 79"
"E","Mandombe",1.12,16.52,"Pandama","Seidensticker in press: 154 Fig. 76"
"E","Matoto",1.28,16.43,"Ebambe","Seidensticker in press: 129 Fig. 58"
"E","Matoto",1.28,16.43,"Konda","Seidensticker in press: 148 Fig. 72"
"E","Matoto",1.28,16.43,"Matoto","Seidensticker in press: 127 Fig. 58"
"E","Matoto",1.28,16.43,"Ngbanja","Seidensticker in press: 82 Fig. 29"
"E","Matoto",1.28,16.43,"Pandama","Seidensticker in press: 154 Fig. 76"
"E","Mboua Mboua/P1",1.45,16.21,"Mbenja","Gillet 2013: 113-4"
"E","Mboua Mboua/P1",1.45,16.21,"Ouesso","Gillet 2013: 113-4"
"E","Mboua Mboua/P1",1.45,16.21,"Pandama","Gillet 2013: 113-4"
"E","Mboua Mboua/P1",1.45,16.21,"Pikunda-Munda","Gillet 2013: 113-4"
"E","Misongo",-0.41,17.36,"Botendo","Seidensticker in press: 177 Fig. 93"
"E","Misongo",-0.41,17.36,"Mobaka","Seidensticker in press: 140 Fig. 67"
"E","Mitula",0.29,17.05,"Imbonga","Seidensticker in press: 168 Fig. 87"
"E","Mitula",0.29,17.05,"Pikunda-Munda","Seidensticker in press: 116 Fig. 51"
"E","Mobaka",-0.37,17.13,"Imbonga","Seidensticker in press: 168 Fig. 87"
"E","Mobaka",-0.37,17.13,"Mobaka","Seidensticker in press: 140 Fig. 67"
"E","Molanda",0.95,16.54,"Konda","Seidensticker in press: 148 Fig. 72"
"E","Molanda",0.95,16.54,"Mandombe","Seidensticker in press: 144 Fig. 70"
"E","Molanda",0.95,16.54,"Matoto","Seidensticker in press: 127 Fig. 58"
"E","Molanda",0.95,16.54,"Mbenja","Seidensticker in press: 158 Fig. 79"
"E","Molanda",0.95,16.54,"Pandama","Seidensticker in press: 154 Fig. 76"
"E","Monjolomba",-0.68,17.17,"Ebambe","Seidensticker in press: 129 Fig. 58"
"E","Monjolomba",-0.68,17.17,"Epena","Seidensticker in press: 137 Fig. 64"
"E","Monjolomba",-0.68,17.17,"Mobaka","Seidensticker in press: 140 Fig. 67"
"E","Monjolomba",-0.68,17.17,"Ngombe","Seidensticker in press: 124 Fig. 56"
"E","Mosanya",1.21,16.45,"Konda","Seidensticker in press: 148 Fig. 72"
"E","Mosanya",1.21,16.45,"Mbenja","Seidensticker in press: 158 Fig. 79"
"E","Mosanya",1.21,16.45,"Pikunda-Munda","Seidensticker in press: 116 Fig. 51"
"E","Mosenge",0.66,17.17,"Ebambe","Seidensticker in press: 129 Fig. 58"
"E","Mosenge",0.66,17.17,"Epena","Seidensticker in press: 137 Fig. 64"
"E","Mosengi",0.25,17.45,"Ebambe","Seidensticker in press: 129 Fig. 58"
"E","Mosengi",0.25,17.45,"Epena","Seidensticker in press: 137 Fig. 64"
"E","Motoli",1.23,16.47,"Matoto","Seidensticker in press: 127 Fig. 58"
"E","Munda",1.16,17.36,"Ebambe","Seidensticker in press: 129 Fig. 58"
"E","Munda",1.16,17.36,"Epena","Seidensticker in press: 137 Fig. 64"
"E","Munda",1.16,17.36,"Pikunda-Munda","Seidensticker in press: 116 Fig. 51"
"E","Ngama",1.96,15.55,"Konda","Seidensticker in press: 148 Fig. 72"
"E","Ngama",1.96,15.55,"Mbenja","Seidensticker in press: 158 Fig. 79"
"E","Ngama",1.96,15.55,"Pandama","Seidensticker in press: 154 Fig. 76"
"E","Ngoko Fkm 17 (Elali)",1.76,16,"Konda","Seidensticker in press: 148 Fig. 72"
"E","Ngoko Fkm 17 (Elali)",1.76,16,"Mandombe","Seidensticker in press: 144 Fig. 70"
"E","Ngoko Fkm 17 (Elali)",1.76,16,"Mbenja","Seidensticker in press: 158 Fig. 79"
"E","Ngoko Fkm 17 (Elali)",1.76,16,"Pandama","Seidensticker in press: 154 Fig. 76"
"E","Ngombe",0.37,16.99,"Bokonongo","Seidensticker in press: 119 Fig. 53"
"E","Ngombe",-0.85,17.19,"Botendo","Seidensticker in press: 177 Fig. 93"
"E","Ngombe",-0.85,17.19,"Ebambe","Seidensticker in press: 129 Fig. 58"
"E","Ngombe",-0.85,17.19,"Epena","Seidensticker in press: 137 Fig. 64"
"E","Ngombe",-0.85,17.19,"Mobaka","Seidensticker in press: 140 Fig. 67"
"E","Ngombe",0.37,16.99,"Ngombe","Seidensticker in press: 124 Fig. 56"
"E","Ngwangala",1.91,15.73,"Mbenja","Seidensticker in press: 158 Fig. 79"
"E","Ouesso",1.62,16.06,"Ebambe","Seidensticker in press: 129 Fig. 58"
"E","Ouesso",1.62,16.06,"Konda","Seidensticker in press: 148 Fig. 72"
"E","Ouesso",1.62,16.06,"Mbenja","Seidensticker in press: 158 Fig. 79"
"E","Ouesso",1.62,16.06,"Ngbanja","Seidensticker in press: 82 Fig. 29"
"E","Ouesso",1.62,16.06,"Ouesso","Seidensticker in press: 151 Fig. 74"
"E","Ouesso",1.62,16.06,"Pandama","Seidensticker in press: 154 Fig. 76"
"E","P3",2.05,16.38,"Pikunda-Munda","Gillet 2013: 113-4"
"E","P4",2.01,16.4,"Pikunda-Munda","Gillet 2013: 113-4"
"E","Pandama",1.78,15.88,"Konda","Seidensticker in press: 148 Fig. 72"
"E","Pandama",1.78,15.88,"Mbenja","Seidensticker in press: 158 Fig. 79"
"E","Pandama",1.78,15.88,"Ngbanja","Seidensticker in press: 82 Fig. 29"
"E","Pandama",1.78,15.88,"Ouesso","Seidensticker in press: 151 Fig. 74"
"E","Pandama",1.78,15.88,"Pandama","Seidensticker in press: 154 Fig. 76"
"E","Pikunda",0.55,16.64,"Bokonongo","Seidensticker in press: 119 Fig. 53"
"E","Pikunda",0.55,16.64,"Ebambe","Seidensticker in press: 129 Fig. 58"
"E","Pikunda",0.55,16.64,"Lusako","Wotzka 1995: 107; Seidensticker in press: 178-179"
"E","Pikunda",0.55,16.64,"Mandombe","Seidensticker in press: 144 Fig. 70"
"E","Pikunda",0.55,16.64,"Ngbanja","Seidensticker in press: 82 Fig. 29"
"E","Pikunda",0.55,16.64,"Ouesso","Seidensticker in press: 151 Fig. 74"
"E","Pikunda",0.55,16.64,"Pandama","Seidensticker in press: 154 Fig. 76"
"E","Pikunda",0.55,16.64,"Pikunda-Munda","Seidensticker in press: 116 Fig. 51"
"E","Ponga",1.93,15.63,"Pandama","Seidensticker in press: 154 Fig. 76"
"E","Sangha Fkm 40",-1.05,16.93,"Bokonongo","Seidensticker in press: 119 Fig. 53"
"E","Sangha Fkm 40",-1.05,16.93,"Ebambe","Seidensticker in press: 129 Fig. 58"
"E","Sangha Fkm 428",1.25,16.44,"Konda","Seidensticker in press: 148 Fig. 72"
"E","Sangha Fkm 428",1.25,16.44,"Matoto","Seidensticker in press: 127 Fig. 58"
"E","Sangha Fkm 72",-0.7,17.2,"Epena","Seidensticker in press: 137 Fig. 64"
"E","Sosolo",-0.89,17.13,"Bobusa","Seidensticker in press: 161 Fig. 81"
"E","Sosolo",-0.89,17.13,"Bokonongo","Seidensticker in press: 119 Fig. 53"
"E","Sosolo",-0.89,17.13,"Botendo","Seidensticker in press: 177 Fig. 93"
"E","Sosolo",-0.89,17.13,"Mobaka","Seidensticker in press: 140 Fig. 67"
"E","Sosolo",-0.89,17.13,"Ngombe","Seidensticker in press: 124 Fig. 56"
"E","Yumba",-0.35,17.37,"Botendo","Seidensticker in press: 177 Fig. 93"
"E","Yumba",-0.35,17.37,"Ebambe","Seidensticker in press: 129 Fig. 58"
"E","Yumba",-0.35,17.37,"Epena","Seidensticker in press: 137 Fig. 64"
"E","Yumba",-0.35,17.37,"Mobaka","Seidensticker in press: 140 Fig. 67"
"D","Balongoi",4.13,18.64,"Bangui","Seidensticker in press: 110 Fig. 47"
"D","Balongoi",4.13,18.64,"Dongo","Seidensticker in press: 85 Fig. 31"
"D","Balongoi",4.13,18.64,"Motenge-Boma","Seidensticker in press: 98 Fig. 39"
"D","Bangui",4.35,18.55,"Bangui","Seidensticker in press: 110 Fig. 47"
"D","Batalimo",3.68,18.46,"Batalimo-Maluba","Seidensticker in press: 77 Fig. 27"
"D","Batanga",3.71,18.59,"Bangui","Seidensticker in press: 110 Fig. 47"
"D","Batanga",3.71,18.59,"Mbati-Ngombe","Seidensticker in press: 107 Fig. 45"
"D","Batanga",3.71,18.59,"Mokelo","Seidensticker in press: 88 Fig. 33"
"D","Batanga",3.71,18.59,"Motenge-Boma","Seidensticker in press: 98 Fig. 39"
"D","Boduna",5.11,19.74,"Dama","Seidensticker in press: 104 Fig. 43"
"D","Bomboko",3.91,18.59,"Batalimo-Maluba","Seidensticker in press: 77 Fig. 27"
"D","Dama 1",5.11,19.42,"Dama","Seidensticker in press: 104 Fig. 43"
"D","Dokeve 2",5.13,19.52,"Dama","Seidensticker in press: 104 Fig. 43"
"D","Dokeve 2",5.13,19.52,"Mokelo","Seidensticker in press: 88 Fig. 33"
"D","Dongo",2.72,18.4,"Batalimo-Maluba","Seidensticker in press: 77 Fig. 27"
"D","Dongo",2.72,18.4,"Dongo","Seidensticker in press: 85 Fig. 31"
"D","Dongo",2.72,18.4,"Mbati-Ngombe","Seidensticker in press: 107 Fig. 45"
"D","Dongo",2.72,18.4,"Mokelo","Seidensticker in press: 88 Fig. 33"
"D","Dongo",2.72,18.4,"Motenge-Boma","Seidensticker in press: 98 Fig. 39"
"D","Gbandami",5.11,19.82,"Dama","Seidensticker in press: 104 Fig. 43"
"D","Gbandami",5.11,19.82,"Kpetene","Seidensticker in press: 101 Fig. 41"
"D","Ilawa",3,18.69,"Mbati-Ngombe","Seidensticker in press: 107 Fig. 45"
"D","Ilawa",3,18.69,"Motenge-Boma","Seidensticker in press: 98 Fig. 39"
"D","Imese",2.12,18.11,"Mbati-Ngombe","Seidensticker in press: 107 Fig. 45"
"D","Kouango",4.99,19.98,"Kpetene","Seidensticker in press: 101 Fig. 41"
"D","Kpetene",4.9,19.07,"Dama","Seidensticker in press: 104 Fig. 43"
"D","Kpetene",4.9,19.07,"Kpetene","Seidensticker in press: 101 Fig. 41"
"D","Libenge",3.65,18.63,"Bangui","Seidensticker in press: 110 Fig. 47"
"D","Libenge",3.65,18.63,"Batalimo-Maluba","Seidensticker in press: 77 Fig. 27"
"D","Libenge",3.65,18.63,"Mbati-Ngombe","Seidensticker in press: 107 Fig. 45"
"D","Libenge",3.65,18.63,"Motenge-Boma","Seidensticker in press: 98 Fig. 39"
"D","Maluba",2.81,18.52,"Batalimo-Maluba","Seidensticker in press: 77 Fig. 27"
"D","Maluba",2.81,18.52,"Bobulu","Seidensticker in press: 91 Fig. 5"
"D","Maluba",2.81,18.52,"Dama","Seidensticker in press: 104 Fig. 43"
"D","Maluba",2.81,18.52,"Dongo","Seidensticker in press: 85 Fig. 31"
"D","Maluba",2.81,18.52,"Matoto","Seidensticker in press: 127 Fig. 58"
"D","Maluba",2.81,18.52,"Mbati-Ngombe","Seidensticker in press: 107 Fig. 45"
"D","Maluba",2.81,18.52,"Motenge-Boma","Seidensticker in press: 98 Fig. 39"
"D","Maoko",3.41,18.64,"Batalimo-Maluba","Seidensticker in press: 77 Fig. 27"
"D","Maoko",3.41,18.64,"Bobulu","Seidensticker in press: 91 Fig. 5"
"D","Maoko",3.41,18.64,"Mbati-Ngombe","Seidensticker in press: 107 Fig. 45"
"D","Maoko",3.41,18.64,"Motenge-Boma","Seidensticker in press: 98 Fig. 39"
"D","Mbati-Ngombe",2.89,18.5,"Batalimo-Maluba","Seidensticker in press: 77 Fig. 27"
"D","Mbati-Ngombe",2.89,18.5,"Dongo","Seidensticker in press: 85 Fig. 31"
"D","Mbati-Ngombe",2.89,18.5,"Mbati-Ngombe","Seidensticker in press: 107 Fig. 45"
"D","Mbati-Ngombe",2.89,18.5,"Motenge-Boma","Seidensticker in press: 98 Fig. 39"
"D","Mboko 1",4.37,18.69,"Matoto","Seidensticker in press: 127 Fig. 58"
"D","Mboko 1",4.37,18.69,"Mokelo","Seidensticker in press: 88 Fig. 33"
"D","Mboko 1",4.37,18.69,"Motenge-Boma","Seidensticker in press: 98 Fig. 39"
"D","Mboma",3.95,18.65,"Dongo","Seidensticker in press: 85 Fig. 31"
"D","Mboma",3.95,18.65,"Motenge-Boma","Seidensticker in press: 98 Fig. 39"
"D","Mokelo",4.06,18.64,"Batalimo-Maluba","Seidensticker in press: 77 Fig. 27"
"D","Mokelo",4.06,18.64,"Mokelo","Seidensticker in press: 88 Fig. 33"
"D","Mokelo",4.06,18.64,"Motenge-Boma","Seidensticker in press: 98 Fig. 39"
"D","Mondoli",3.98,18.64,"Mokelo","Seidensticker in press: 88 Fig. 33"
"D","Mondoli",3.98,18.64,"Motenge-Boma","Seidensticker in press: 98 Fig. 39"
"D","Motenge-Boma",3.24,18.65,"Dama","Seidensticker in press: 104 Fig. 43"
"D","Motenge-Boma",3.24,18.65,"Dongo","Seidensticker in press: 85 Fig. 31"
"D","Motenge-Boma",3.24,18.65,"Motenge-Boma","Seidensticker in press: 98 Fig. 39"
"D","Ndengu",5.1,19.84,"Dama","Seidensticker in press: 104 Fig. 43"
"D","Nzambi",3.16,18.64,"Batalimo-Maluba","Seidensticker in press: 77 Fig. 27"
"D","Nzambi",3.16,18.64,"Dongo","Seidensticker in press: 85 Fig. 31"
"D","Nzambi",3.16,18.64,"Mokelo","Seidensticker in press: 88 Fig. 33"
"D","Nzambi",3.16,18.64,"Motenge-Boma","Seidensticker in press: 98 Fig. 39"
"D","Nzambi",3.16,18.64,"Ngbanja","Seidensticker in press: 82 Fig. 29"
"D","Sidi",5.02,19.87,"Dama","Seidensticker in press: 104 Fig. 43"
"G","Baombi II",0.66,25.16,"Early Pottery Phase","Livingstone-Smith et al. 2017"
"G","Bomane Yangwa",1.3,23.82,"Early Pottery Phase","Livingstone-Smith et al. 2017"
"G","Bomane Yangwa",1.3,23.82,"Middle Pottery Phase","Livingstone-Smith et al. 2017"
"G","Ilambi Moke",0.65,24.23,"Early Pottery Phase","Livingstone-Smith et al. 2017"
"G","Ilambi Moke",0.65,24.23,"Ilambi","Livingstone-Smith et al. 2017"
"G","Ilambi Moke",0.65,24.23,"Middle Pottery Phase","Livingstone-Smith et al. 2017"
"G","Yaekela",0.8,24.29,"Yaekela","Livingstone-Smith et al. 2017"
"G","Yangambi",0.77,24.44,"Ilambi","Livingstone-Smith et al. 2017"
"G","Yangambi",0.77,24.44,"Middle Pottery Phase","Livingstone-Smith et al. 2017"
"G","Yantshambi II",0.73,24.22,"Early Pottery Phase","Livingstone-Smith et al. 2017"
"G","Yantshambi II",0.73,24.22,"Ilambi","Livingstone-Smith et al. 2017"
"G","Yantshambi II",0.73,24.22,"Middle Pottery Phase","Livingstone-Smith et al. 2017"
"H","Mukambo",-5.02,16.98,"Kongo B/Group V","Clist et al. 2018"
"J","Kamilamba",-7.81,27.03,"Classical Kisalian","de Maret 1977; de Maret 1985b"
"J","Kamilamba",-7.81,27.03,"Early Kisalian","de Maret 1977; de Maret 1985b"
"J","Kamilamba",-7.81,27.03,"Kabambian A","de Maret 1977; de Maret 1985"
"J","Kamilamba",-7.81,27.03,"Kamilambian","de Maret 1977; de Maret 1985"
"J","Katongo",-8.21,26.41,"Classical Kisalian","de Maret 1977; de Maret 1985b"
"J","Katongo",-8.21,26.41,"Early Kisalian","de Maret 1977; de Maret 1985b"
"J","Katongo",-8.21,26.41,"Kabambian B","de Maret 1977; de Maret 1985"
"J","Kikulu",-7.84,26.98,"Classical Kisalian","de Maret 1977; de Maret 1985b"
"J","Kikulu",-7.84,26.98,"Early Kisalian","de Maret 1977; de Maret 1985b"
"J","Kikulu",-7.84,26.98,"Kabambian A","de Maret 1977; de Maret 1985"
"J","Kikulu",-7.84,26.98,"Luba","de Maret 1977; de Maret 1985"
"J","Malemba-Nkulu",-8.06,26.8,"Classical Kisalian","de Maret 1977; de Maret 1985b"
"J","Malemba-Nkulu",-8.06,26.8,"Early Kisalian","de Maret 1977; de Maret 1985b"
"J","Malemba-Nkulu",-8.06,26.8,"Kabambian A","de Maret 1977; de Maret 1985"
"J","Malemba-Nkulu",-8.06,26.8,"Kabambian B","de Maret 1977; de Maret 1985"
"J","Sanga",-8.18,26.49,"Classical Kisalian","de Maret 1977; de Maret 1985b"
"J","Sanga",-8.18,26.49,"Early Kisalian","de Maret 1977; de Maret 1985b"
"J","Sanga",-8.18,26.49,"Kabambian A","de Maret 1977; de Maret 1985"
"K","Bolaopi",3.6,8.72,"Buela","Clist 1998: 215 Tab. 1"
"K","Bolaopi",3.6,8.72,"Carboneras","Clist 1998: 215 Tab. 1"
"K","Carboneras",3.75,8.75,"Bolaopi","Clist 1998: 215 Tab. 1"
"K","Carboneras",3.75,8.75,"Buela","Clist 1998: 215 Tab. 1"
"K","Carboneras",3.75,8.75,"Carboneras","Clist 1998: 215 Tab. 1"
